;Column1;level_0;Id;Text;Label
0;0;33048;33048;@eckhard_neubert @maischberger @n_roettgen @DasErste Leider falsch...hast du beweise ? Ich kann auch nicht einfach so sagen, das dein PAPA/GroÃŸvater KindermÃ¶rder oder ist?! https://t.co/Kybwt1kQY0;Choose…
1;1;10274;10274;@phoenix_de @Ricarda_Lang @Die_Gruenen Wie dreist sich unser KlÃ¶ppschen Ã¼ber das Totalversagen, ihrer dÃ¼nnen Studienabbruchskollegin hinwegsetzt, was 134 Menschen das Leben gekostet hat. Bei einem CDU Minister wÃ¼rde man da sicher hÃ¤rtere MaÃŸstÃ¤be anlegen.;Choose…
2;2;66195;66195;@AfDProtschka Und ich wÃ¼nsche Ihnen FlÃ¶he am Arsch und zu kurze Arme, um sich am Arsch zu kratzen.;Choose…
3;3;56652;56652;@Karl_Lauterbach Jetzt gibt es eine neue Sau die durchs Dorf getrieben wird. Sie kÃ¶nnen die Pandemie beendenğŸ˜Š. ğŸ‡©ğŸ‡ª wird immer mehr zur Lachnummer.;Choose…
4;4;225;225;@ernst_klaus Geh und halt die Backen, du witzfigur.;Choose…
5;5;7358;7358;"@Leander123454 @Beatrix_vStorch ""... Schiessbefehl auf Frauen und Kinder..."" Seit wann ist Frau von Storch, ein Mann, in der SPD und OberbÃ¼rgermeister von Ostfildern?

Unter Androhung von ""Waffengewalt"" â€“ Stadt Ostfildern verbietet Demos gegen Corona-Regeln â€” RT DE https://t.co/ySIViRHl64";Choose…
6;6;43759;43759;@ManuelaSchwesig @Karl_Lauterbach Ah ja und haufen Nebenwirkungen, ich hole mir keine spritze mehr;Choose…
7;7;14659;14659;@janfleischhauer @EskenSaskia @ArminLaschet Und ich weiÃŸ, warum ich einen Kanzler Laschet wollte. Damit genau solche Eskalationsspiralen nicht passieren, die er mit seinem ausgleichenden Wesen verhindert hÃ¤tte. Deutschland hat wiederholt Pech gehabt, offensichtlich verdienen wir es nicht anders.;Choose…
8;8;32432;32432;@janoschdahmen @dieschmidt @till_steffen @MAStrackZi @KatrinHelling @DirkWieseSPD Meine gute Erziehung hÃ¤lt mich mit allerletzter Kraft davon ab, Ihnen zu sagen, was ich von diesem brechreizerregenden Pamphlet halte. MÃ¶ge Ihnen dieser Mist politisch, gesellschaftlich und juristisch verdientermaÃŸen um die Ohren fliegen. ğŸ¤¬;Choose…
9;9;46706;46706;"@Karl_Lauterbach Nur deshalb, weil so viele Leute positiv GETESTET wurden, aber vom Schnupfen kaum etwas merken. HÃ¶rt endlich auf mit den unsinnigen Tests und der dÃ¤mlichen Isolation und lebt endlich wieder euer Leben! Und kommt endlich runter von eurem ""die Ungeimpften sind schuld""-Scheiss!";Choose…
10;10;28143;28143;"@MarcoBuschmann @oida_grantler hat die Klatsche von gestern noch nicht gereicht ?am 09.05 bekommt ihr die nÃ¤chste in Schleswig Holstein und ich freue mich drauf. das wird ne Party. #FDPrausausderRegierung 
#FDPunter5Prozent 
#FDPrausausdenParlamenten";Choose…
11;11;43333;43333;@Karl_Lauterbach Es wundert mich sehr , daÃŸ die BÃ¼rger des Landes immer wieder die etablierten Parteien wÃ¤hlen. Es lÃ¤uft alles falsch. Es wundert mich!;Choose…
12;12;73638;73638;"@Dzienus @emiliafester mein Gott was fÃ¼r ein Niveau haben wir erreicht........
es ist nur noch traurig
Ihr hÃ¤ttet Euch alle in der Hitler Jugend wohlgefÃ¼hlt!
Nein ihr Youngsters mit Null Covidrisiko 
schreibt mir mit 64 nicht vor was ich mir spritzen lasse!!!
Dr Mengele lÃ¤sst grÃ¼ssen.";Choose…
13;13;61789;61789;@niklasflier @Fladdeh1 @Crawlin70586423 @Karl_Lauterbach Frag dich mal lieber, was diese ohne Langzeitstudien PlÃ¶rre bei Kindern anrichtet, wenn jetzt schon sogar in der Welt Kinder an Myokarditis oder Herzinfarkte sterben durch die Impfung. Sorry, ich mÃ¶chte dieses GesprÃ¤ch weiter fÃ¼hren. Du bist einfach Narrativ besessen und ignorant;Choose…
14;14;12118;12118;@Ricarda_Lang Frau Lang sie sollten sich Hilfe holen, vor allem fÃ¼r das Absetzen von Tweets, es wird immer peinlicher und schon so mancher hat sich um Kopf und Kragen gepostet/getweetet. Sie machen hier eine sehr schlechte Figur und kommen dumm rÃ¼ber.;Choose…
15;15;84320;84320;@janoschdahmen Nichts muss! Sie machen sich lÃ¤cherlich. Soll das ihre EndlÃ¶sung sein?;Choose…
16;16;78601;78601;@visevic @janboehm @ABaerbock Na, die Frau ist ja auch nicht nur einfach so AuÃŸenministerin sie hat schon was drauf. Wobei diese Analyse auch keine Hexerei war, sondern eher offensichtlich. Der Rest der Pappenheimer ist nur naiv und wirtschaftshÃ¶rig.;Choose…
17;17;46204;46204;@WDRaktuell @Karl_Lauterbach Weniger ansatzloses testen = weniger sinnlose QuarantÃ¤ne = weniger ArbeitsausfÃ¤lle = Der Spuk ist vorbei. Machen andere LÃ¤nder genauso, nur Deutschland ist hier wieder mal Schlusslicht;Choose…
18;18;38437;38437;@MullerEvil @Blumenstrang @_FriedrichMerz Unsinn. Diese LÃ¤nder haben in eigener freier Selbstbestimmung so entschieden. Ein Sachverhalt den Putin gerne unterschlÃ¤gt. Ich wÃ¼rde bei freier Wahl auch nicht weiter im Russenmagazin einkaufen wollen sondern lieber im Intershop.ğŸ˜œ;Choose…
19;19;60432;60432;"@mitahruna @papool_ @Karl_Lauterbach Vielleicht einfach als Andersdenkende oder bekloppte. 
oder man lÃ¤sst sowas nur zum 1. Mai zu, dann is die Gefahr geringer das Rechte mitlaufen :)

Diese Brut nutzt jede Gelegenheit, die lÃ¤uft sogar mit wenn leute dagegen sind, weil sie dagegen sind.";Choose…
20;20;1429;1429;@PPunkstrumpf @voglerk @SandraausHGW Mir so etwas zu unterstellen und sich damit in die Opferrolle zu begeben, finde ich ehrlich gesagt richtig cringe.;Choose…
21;21;589;589;@mtaushb @cdm2311 @NbutNet @SWagenknecht @dieLinke Der Vogel hat irgendwie nicht verstanden, worum es ging.;Choose…
22;22;54755;54755;"@Karl_Lauterbach @WolfgangMueckst ""Euthanasieprofessor"" Coronavirus ist wohl weggebombt und am HBf etc. gibt es kein 3G, keine QuarantÃ¤ne, alle umarmen sich und haben sich lieb, verdammter LÃ¼gner, schick mir endlich Deine Sch-AnwÃ¤lte...damit Du endlich "" bezahlen"" musst...BeihilfezumMordMinister https://t.co/PUquce2jmZ";Choose…
23;23;32628;32628;@DunkelfluegelE @PeterHeidtFDP @fdpbt Halt die Fresse und geh mit deinen ReichsbÃ¼rgerfreunden auf Telegram spielen;Choose…
24;24;28790;28790;"ausgemacht. AuÃŸerdem ist bald FrÃ¼hling u. es reicht mal mit der ganzen ScheiÃŸe.""
Der Corona-Warner @Karl_Lauterbach himself sowie d FreiheitskÃ¤mpfer 1.ter Klasse @MarcoBuschmann liefern hier ihr quijoteeskes MeisterstÃ¼ck ab u. die @GrueneBundestag
schauen zu.
Ich habe fertig.
3/3";Choose…
25;25;27194;27194;"@ThomasNimz @derya_tn @paul_schorsch Na ja, wer Polizisten Costapo nennt...
Block.";Choose…
26;26;64200;64200;@RogerBeckamp Schreibt man â€Du bist ein Arschlochâ€œ so richtig, frag fÃ¼r einen dummen Nazi.;Choose…
27;27;55865;55865;@Karl_Lauterbach Unglaublich! Nichtmal in dieser Situation wo der Frieden in ganz Europa und der Welt gefÃ¤hrdet ist, mault und jammert Ihr #Querdenker und #Impfgegner,weil ihr plÃ¶tzlich zu wenig Aufmerksamkeit bekommtâ€¦also wem da nicht klar wird, wer hier den Ernst der Lage nicht verstehtğŸ™ˆ;Choose…
28;28;54919;54919;"@Daniel94486666 @McReichibert @milbrath_pierre @Karl_Lauterbach -2 20 Jahre Afghanistan ? komisch wurde nicht so hoch gekocht warum nicht ? mit welchem Recht durfte denn der AMI da einfallen &amp; was hat es nach 20 Jahren gebracht ? Ach ja man hat ihn mal wieder zum Teufel gejagt wie schon so oft wo war der Aufschrei die Sanktionen ?";Choose…
29;29;19337;19337;@hahnflo Nachdem Jahre ein rechtes Arschloch wie Maassen Verfassungschef war, wÃ¤rs nur gerecht wenns jetzt mal etwas Antifaschistischer zugeht, also setzt euch hin.;Choose…
30;30;11702;11702;@svenlehmann Dann wird so eine ScheiÃŸe hier endlich nicht mehr passieren kÃ¶nnen hoffe ich. https://t.co/piTPOP8JMF;Choose…
31;31;82324;82324;@GoeringEckardt @GansGruen @BriHasselmann Das darf man dieser ekelhaften Person Storch nicht durchgehen lassen. Hoffentlich wird sie wegen Beleidigung angezeigt.;Choose…
32;32;30975;30975;"@MarcoBuschmann Das Gesundheitssystem ist auch ohne Covid an der Belastungsgrenze, von daher besteht immer eine latente Gefahr der Ãœberlastung. Ich brauch keinen ""Freedom-Day"" ich hab alle Freiheiten, die wurden mir nie genommen. HÃ¶rt doch einfach mal auf zu spinne.";Choose…
33;33;39768;39768;@_FriedrichMerz Euren Mist der letzten 16 Jahre kann man nicht in 3 Wochen wegrÃ¤umen, billige Politik auf dem RÃ¼cken anderer die euren Mist beseitigen mÃ¼ÃŸen. Vor der eigenen TÃ¼r kehren ist schwer, ah ne als BlackRock lÃ¤sst man kehren. #fckcxu #MerzFail;Choose…
34;34;10723;10723;"@Ricarda_Lang KÃ¶nnt ihr mir bitte diesen Hansel aus meiner TL raushalten. 
Es nerv gewaltig, diese â€fleiÃŸigeâ€œ Heulboje andauend, beim durchscrollen, aufblitzen zu sehen. 
Mich gruselts.";Choose…
35;35;65100;65100;@AndreasWerwolf @SealiixOne @heavyblogging @StBrandner Kein blauer Haken = fake Account du depp;Choose…
36;36;60823;60823;@Karl_Lauterbach HÃ¶r doch auf son Schwachsinn zu schreiben wie lange wollt ihr den Quatsch noch weiter machen? Noch mal 3 Jahre? Denn Versprech ich euch brennt Deutschland denn die Leute haben kein Bock mehr sich zu belÃ¼gen zu lassen!! Tretet zurÃ¼ck alle samt da oben euch brauch keiner !!;Choose…
37;37;28515;28515;"@DrKissler @christianduerr @fdpbt Genau. Weil wir WohlstandsverwÃ¶hnten keinen Bock mehr dazu haben, lassen wir halt die anderen lieber dafÃ¼r kÃ¤mpfen und sterben. 
Ist ja auch viel praktischer, kann man so moralisch hochtrabende Kommentare und RatschlÃ¤ge dazu geben.
...sorry fÃ¼r meinen Sarkasmus...";Choose…
38;38;76371;76371;"@Muenchen1968 @DJanecek Ich nehme mal nur das vorletzte Statement:
""Staat kann auf Basis von Vermutungen ...""

Replik:
Neg. Klimawandel basiert auf zukunftsgerichteter Modellrechnung.
Damit Annahme (kÃ¶nnte so kommen).
Muss nicht (gibt Wiss./Studien).
Fazit: Scheiss auf die Klimapolitik (B90/G)

ERROR";Choose…
39;39;30804;30804;@HilgerAlexander @GydeJ @BerndZiesemer @Ralf_Stegner Meine GÃ¼te dieser braune Clown der Bayernpartei wird auch immer peinlicher.;Choose…
40;40;66850;66850;@StBrandner Nein, nein - Stephan, nicht ablenken. Es geht um Euren braun-blauen Club. https://t.co/ZXTMN5Bi9E;Choose…
41;41;84120;84120;"@janoschdahmen MassenmÃ¶rder! 
https://t.co/gmV5ki9HDL";Choose…
42;42;39317;39317;@christophploss @CDU_Hamburg Als wenn es die CDU anders machen wÃ¼rde. Seit ihr in der Opposition seid, habt ihr ein groÃŸes Maul nachdem anderen. Wo war die groÃŸe Klappe in der Regierung ? So wie gestern bei Lanz. Einfach nur schwatzen â€¦.;Choose…
43;43;6596;6596;@Alice_Weidel Darf nicht von Ihnen kommen,wichtiger wÃ¤re doch,die AFD weg zu Reformieren.Andonsten wie immer,albern und lÃ¤cherlich bzw.Unsinn;Choose…
44;44;1060;1060;@SWagenknecht naja europa als die hure amerikas, hat sich schon vor langer zeit ihr eigenes grab geschaufelt.;Choose…
45;45;34552;34552;@KHofsttter @n_roettgen Nein, das traue ich ihm leider nicht zu. Fraktion â€schlanker FuÃŸâ€œ. Funktioniert hier aber nicht, weil Deeskalationsversuche bei einem zu allem entschlossenen Aggressor und Kriegsverbrecher nicht verfangen, sondern alles nur schlimmer machen.;Choose…
46;46;55552;55552;"@VorsitzenderNAV @BKKProVita @Karl_Lauterbach @klausholetschek Bei uns im Dorf wÃ¼rde man sagen:""Da geht einem aber der Arsch auf Grundeis"".";Choose…
47;47;46490;46490;"@Karl_Lauterbach Diese elende permanente Hetze &amp; Panikmache von Pharma-Clowns! Tun Sie doch mal was gegen die Personalnot in den KrankenhÃ¤usern, statt hier stÃ¼ndlich den gleichen Mist abzusondern! Einen (verschwindend geringen) Teil Ihres Einkommens bestreiten Sie immerhin aus Steuergeld!";Choose…
48;48;34440;34440;@n_roettgen Nobbi, jetzt hÃ¶r mal auf sie stÃ¤ndig in die Hosen zu scheissen, zeig mal, dass Du ein Kerl bist und keine Heulsuse;Choose…
49;49;57251;57251;@helgelindh wenn Ihr dummen Dorftrottel ihn dazu nÃ¶tigt dann selber Schuld aber so 3 Welt Politiker checken das nicht. Wollte Putin unbedingt Krieg, hÃ¤tte er Ukraine in einer Woche geholt und das schon vor Jahren und Ihr kÃ¶nntet in die RÃ¶hre schauen und euren FuÃŸpilz sanktionieren.;Choose…
50;50;35497;35497;@n_roettgen SchwÃ¤tzer, echt jetzt. Das Kapital wird es nicht tollerieren. Gerade die CDU hat nun alles getan was man irgendwie machen kann um die Bande bestens zu bedienen. Und nun solch GeschwÃ¢tz. Lachhaft.;Choose…
51;51;72103;72103;"Liebe @ABaerbock kann man diesen Mist nicht stoppen? Ist das verquerer MÃ¤nnerquatsch, der noch nie etwas von Frauen- und Menschenrechten gehÃ¶rt hat; Ignoranz, Konzeptlosigkeit? Das kann doch keine grÃ¼ne (Energie) und AuÃŸenpolitik sein???
https://t.co/ua2epX9OWv";Choose…
52;52;53337;53337;@Karl_Lauterbach @AfD Wenn sie keinen Einfluss haben warum werden dann sÃ¤mtliche SchutzmaÃŸnahmen abgeschafft und das obwohl die scheiÃŸe so richtig am Kochen ist und die Mehrheit nach wie vor fÃ¼r schÃ¤rfere MaÃŸnahmen ist und nicht fÃ¼r eine Abschaffung? :0;Choose…
53;53;49669;49669;"@BMG_Bund @Karl_Lauterbach @bayern2 Schon merkwÃ¼rdig, wie sich Politiker zu BÃ¼cklingen machen, wenn die FDP das will. Bei einer Inzedenz von 25 bin ich in den ersten Lockdown gestolpert, bei einer Inzedenz von 2000 brauch ich nicht einmal mehr die Maske. Und abends singt die FDP: ""Es ist geil, ein Arschloch zu sein";Choose…
54;54;85778;85778;"@Kai_Whittaker @c_lindner Lieber den Haushalt fÃ¼r Arbeit &amp; Soziales noch weiter aufpumpen bis er platzt. 
Besser wÃ¤re ein Staatsfond wie in Norwegen, womit man die Rente der BÃ¼rger unterstÃ¼tzen kann. Schade, dass sich die FDP hier nicht durchsetzen konnte.";Choose…
55;55;22440;22440;@HeiKolbe @OlafScholz Hmm, okay. Also bist du einfach nur ein Rechter WutbÃ¼rger der einfach nur rummeckert weil ihm seine alte und die Blagen Aufen Sack gehen. Deshalb kmt auch nur Gemecker und nicht der Versuch eine Alternative Idee an den Mann zu bringen. Du tust mir leid du armes Elend;Choose…
56;56;8284;8284;@Ricarda_Lang Geh scheissn Ricarda.Verzichte du mal auf deine fetten DiÃ¤ten.Ihr GrÃ¼nen seid die letzten Heuchler!;Choose…
57;57;29061;29061;@MarcoBuschmann Der nÃ¤chste LÃ¼gner meldet sich zu Wort. So eine verlogene Regierung hatten wir noch nie, jedenfalls kann ich mich an keine erinnern. Treten sie zurÃ¼ck. #neuwahlen;Choose…
58;58;72203;72203;"@JanSchipmann @emiliafester Das ist das lÃ¤cherliche was ich seit langem hÃ¶re !  # Emilia Fester hat seit 2  jahren niemanden  gekÃ¼sst ? Die hat Sie nicht mehr alle, Kindchen stampf' weiter Rum wie ein trotziges  Kind ğŸ¤¥ğŸ‘ğŸ»
So was kann und muss man nicht ernst nehmen, sorry.";Choose…
59;59;85538;85538;@n_roettgen @fuecks @roblagnac @RadtkeMdEP @RKiesewetter @AWidmannMauz @BachmannRudi @RebHarms @peterliese @gahler_michael @Peter_Beyer Die Vorstandswahlen sind vorbei. Vielleicht beim nÃ¤chsten mal. aber sehr unwahrscheinlich. Immer die gleiche Leier, mit der man keinen Hund hinterm Ofen hervorlockt.;Choose…
60;60;66528;66528;@StBrandner Ein NutznieÃŸer oder sagen wir mal Nichtsnutz wie Sie, mÃ¶ge sich doch bitte aus den StaatsgeschÃ¤ften https://t.co/yWCtC0GEL8 Euch wÃ¼rde schon der Pleitegeier Ã¼ber,s ğŸ‡©ğŸ‡ªLand fliegen. #afdverbotJETZT;Choose…
61;61;44612;44612;Es ist alles sinnlos, lÃ¤cherlich und BlÃ¶dsinn Herr Pharma @Karl_Lauterbach https://t.co/spE1xzP23u;Choose…
62;62;66781;66781;@Tino_Chrupalla Wahrscheinlich ein paar parteiinterne Gegner. Als gelernter Maler sollte man das doch schnell wieder kaschieren kÃ¶nnen. Schwamm drÃ¼ber keine Nachricht wert.;Choose…
63;63;40436;40436;@OlliLuksic Dem Mann lÃ¤uft der Rotwein schon aus den Augen und sowas darf im Bundestag seinen gequirlten Mist verbreiten. Mit Folgen, wie tausende Tote in Folge der Corona-Menschenexperimente der FDP. Raus mit der FDP aus der Regierung. Lieber ohne die regieren als falsch regieren.;Choose…
64;64;68534;68534;@Simmel123456 @GentlemanDriv12 @StBrandner ach, opposition heisst was? dumm daher labern? wie sÃ¼ss. Ã¼brigens sitzen die jammerlappen rechts! aber es werden von wahl zu wahl weniger. woran liegt das nur?;Choose…
65;65;37335;37335;@_FriedrichMerz Hast  Du  eigentlich  gelitten?   Die  BÃ¼rgerinnen  und  BÃ¼rger  in  Deutschland  haben  gewuÃŸt,  warum  sie  die  CDU  und  Euren  Armin  nicht  wollten.   Die  Rede  im  Bundestag  war  voll  daneben.;Choose…
66;66;55256;55256;@WHYausHH @Karl_Lauterbach Stimmt er isst lieber vegetarischen Fisch;Choose…
67;67;31588;31588;"@Carsten_R_78 @Madigral0815 @MarcoBuschmann Ihr dÃ¼rft ja gerne protestieren. Haben wir die BÃ¼rger vernommen, hat uns aber nicht Ã¼berzeugt.
Vielleicht weniger absurde Argumente bringen und weniger Aggressionen gegen die BevÃ¶lkerung mit TerrorspaziergÃ¤ngen und Ãœbergriffen und vielleicht klappt es dann!
Garantien gibt's keine";Choose…
68;68;4702;4702;@coellnbruder @SWagenknecht Ja, nicht nur blÃ¶d rumquarken, die Rechte seien eingeschrÃ¤nkt. Lassen sie das von nem Gericht Ã¼berprÃ¼fen. Die MÃ¶glichkeit haben Sie ja. HÃ¤tten Sie in ner Diktatur nicht. Uuuh da fÃ¤llt der Groschen;Choose…
69;69;803;803;@GuidoNegele @Amira_M_Ali Wie wÃ¤re es denn wenn du was nÃ¼tzliches machen wÃ¼rdest das irgendwem hilft? Aufm Arsch sitzen und nach dem einatmen der eigenen FÃ¼rze auf Twitter motzen zÃ¤hlt btw nicht!;Choose…
70;70;39369;39369;@christophploss Gibt SchrÃ¶der zu viel Beachtung, er ist lediglich Opportunist. Russlandfreundliche Beurteilungen werden ausschlieÃŸlich von russischen Diensten selbst gesteuert und sehr erfolgreich.;Choose…
71;71;5884;5884;@adilerach @Alice_Weidel Adolf ist ein Vollidiot;Choose…
72;72;42881;42881;@c_lindner ja Sanktionen gegen die eigenen BÃ¼rger, ihr seit die schlechteste Regierung aller Zeiten, schaut mal auf die NachbarlÃ¤nder, wie die uns alles vormachen https://t.co/joFASTGmQb;Choose…
73;73;74489;74489;"@TobiasHallensl @AnneWillTalk @ABaerbock @annewill Inwiefern ist Frau Baerbock denn ein â€Opfer von Putins Propagandaâ€œ? Ich verstehe diese Unterstellung nicht, da ihr keine Fakten zugrunde liegen -&gt; Sie bedienen sich damit doch selbst propagandistischen Mitteln. Oder nicht? Ich bin wie Sie dafÃ¼r, dass ğŸ‡©ğŸ‡ª viel mehr tut.";Choose…
74;74;7697;7697;@KruseTom2 @Alice_Weidel Bekommst du Geld, fÃ¼r den MÃ¼ll den du schreibst ? So wie die Hetzer und Kriegstreiber in Politik und Medien.;Choose…
75;75;60786;60786;"@Karl_Lauterbach 2 NachtwÃ¤chter, die die Welt retten wollen und das sogar gegen deren Willen!! Diese LÃ¤nder kÃ¶nnen froh sein, das sie keine Impfstoffmenge wie wir haben, da bleibt ihnen wenigstens dieses totale Desaster erspart!
Komisch nur, die leben alle trotzdem noch!";Choose…
76;76;58184;58184;@Karl_Lauterbach @DrTedros Drei Verbrecher der Corona Pandemie! Ihr solltet euch schÃ¤men! Widerlich #LauterbachRuecktritt #lauterbachmussweg #RuecktrittLauterbach #neinzurimpfpflicht;Choose…
77;77;49982;49982;@BMG_Bund @Karl_Lauterbach @ardmoma Ihr kÃ¶nnt das nicht ernst meinen, ihr und Karl Lauterbach der Clown seit der grÃ¶ÃŸte Witzverein dieses Landes.;Choose…
78;78;20858;20858;"@greenpeace_de @OlafScholz @ABaerbock @BMWK @c_lindner Green &amp; Peace wo bleiben eure Aktionen vor den Zentralen der Kriegsgewinnler, die die Krisen am Laufen halten. Achso, das personifizierte BÃ¶se kommt ja wie immer aus dem Osten. Ihr seid doch auch nur ein gehirngewaschener korrupter HaufenğŸ¤®";Choose…
79;79;84947;84947;@Sprachlos12 @GoeringEckardt @janoschdahmen Da guckt der Janosch aber ganz schÃ¶n blÃ¶d aus der WÃ¤sche, eben GrÃ¼n. Und so ein Depp will ganz Deutschland impfen, hat aber von nix eine Ahnung, eben GrÃ¼n.;Choose…
80;80;6239;6239;"@Rene_Springer ""Bundesregierung"" war mal.. nun sind Kinder, Sozis und Linke an der Macht. Laut mit der Rassel den Krieg vorantreiben.";Choose…
81;81;19811;19811;"Symbolbild
fÃ¼r die Obersten 10%
der Gesellschaft. 

Jeder ist sich selbst der NÃ¤chste, wenn es 90% der Gesellschaft schlecht geht. Selbst wenn man es sieht, tut man nichts. 

#Pocher
_
.@OlafScholz 
.@spdde .@spdbt #SPD
.@Die_Gruenen .@GrueneBundestag #Gruenen
.@fdp @fdpbt #FDP https://t.co/AyIul9iE4g";Choose…
82;82;63090;63090;@Karl_Lauterbach Interessiert keinen BÃ¼rger mehr, zu viel wurde falsch ausgelegt und falsch kommuniziert. Du kannst die beste Studie vorliegen aber das reicht nicht mehr @rki_de;Choose…
83;83;36113;36113;"@n_roettgen Sehr geehrter Herr RÃ¶ttgen,
ich stimme Ihnen zu, den Geldfluss nach Russland zu stoppen. Was beutet dann der Importstop von Ã–l und Gas, fÃ¼r uns BÃ¼rger in Deutschland. Was sind die Konsequenzen? MfG";Choose…
84;84;51714;51714;@TTT202020 @SeiMa_Nichso @auf_das_leben_ @DrCWerner @Karl_Lauterbach Ist es nicht !!!!!! Mal an long covid denken !!!!!!Das wird das langfristige Problem, wenn viele nicht oder nur noch eingeschrÃ¤nkt arbeiten kÃ¶nnen und nur noch eingeschrÃ¤nkte LebensqualitÃ¤t haben, mal bitte weiter wie nur zur Nasenspitze denken !!!!!;Choose…
85;85;52495;52495;@BMG_Bund @Karl_Lauterbach @GKV_SV jedenfalls der Infektionsschutz fÃ¼r die eigene BevÃ¶lkerung wurde ja gerade von Ihnen die Tonne gekloppt. Vielen Dank fÃ¼r nix. Es ist eine Schande und niemals mehr zu verzeihen!;Choose…
86;86;19928;19928;@KuehniKev @Menkalinan @spdde @OlafScholz Und was bekommt man als Rentner? Nichts! Im nÃ¤chsten Leben dann lieber Sozialschmarotzer. Arbeit lohnt nicht.;Choose…
87;87;63017;63017;@LyllithB @KuehniKev Die SPD kann leider nicht viel dazu https://t.co/PztW4kE7z1 ihren Reihen sind zu viele ungebildete BÃ¼rger in FÃ¼hrungspositionen.Wo ist der Fehler?;Choose…
88;88;34113;34113;@Shiyanying @andythechemist1 @SerapGueler @MAStrackZi @_FriedrichMerz Typischer #CSU - #Selbstdarsteller, diesfalls #Marke #SchnÃ¶sel ( siehe aktuell @MarkusBlume );Choose…
89;89;36950;36950;"@n_roettgen Wie mich Menschen wie sie ankotzen.
Sie wird das gar nichts kosten,der Steuerzahler wird die Rechnung begleichen.
Was sind Politdarsteller nur fÃ¼r ein bigottes widerliches Gesindel ğŸ¤®";Choose…
90;90;50428;50428;@Karl_Lauterbach Da hat die BÃ¶se Presse vÃ¶llig Recht. Du bist ein lÃ¤cherlich Irrwicht. Wie lange willst du das noch durchziehen? Irgendwann haben die LÃ¤nder um uns herum vergessen was Corona war wÃ¤hrend du die 789igste Welle heraufbeschwÃ¶rst.;Choose…
91;91;66740;66740;@btniem @DocPunko @Tino_Chrupalla Eine Figur... Wue sieht es mit einer Institutionen aus wie die Nato? Denkst du hier wird alles teurer und schlechter wegen einem Mann? Es sind unsere Politiker die das Land hier ruinieren und die BÃ¼rger enteignen, nicht Putin. Unser Sprit ist teuer weil wir das entschieden haben.;Choose…
92;92;13909;13909;"@sven_kindler @janoschdahmen Ernsthaft? Alles rechte Querdenker, weil man dem DauerlÃ¼gner und MÃ¤rchenerzÃ¤hler Dahmen die persÃ¶nliche Meinung zustellt?
Euer Opfergehabe zieht nicht mehr.";Choose…
93;93;8857;8857;"@Beatrix_vStorch @jamila_anna @KathrinAnna So ne ScheiÃŸe postet die Luca Modric-Imitation und verwendet dabei gleichzeitig den Slogan ""Freiheit statt Spaltung"" als Profilbild. So sieht also Freiheit Ã  la AFD aus. Was fÃ¼r ein armseliger, brauner Haufen! #fckafd #fcknzs";Choose…
94;94;43668;43668;"@Radbruch_lab @Karl_Lauterbach Ach  Herr ARSCHLOCH LAUTERBACH, 
Zum Thema ""Nebenwirkungsfreie Impfung "" wÃ¼rde ich Sie gerne mal in die Reha Klinik einladen in der ich mich gerade befinde. Der groÃŸe Teil ist seit der Booster Impfung hier!! Aber die Infarkte haben ja nix damit zu tun. Ich hasse die Ã„rzte";Choose…
95;95;68567;68567;"@Nicole_Hoechst Deutschland ist das einzige Land der Welt, in dem man ungestraft gegen InlÃ¤nder hetzen darf.

Selbst Parolen wie ""Deutschland du mieses StÃ¼ck Scheisse, verrecke"" werden nicht bestraft.";Choose…
96;96;71951;71951;"Geld fÃ¼r GeflÃ¼chtete ist da.
FÃ¼r Rentner, Geringverdiener u Pendler eher nicht.
@GoeringEckardt
@c_lindner
https://t.co/XNx2FWmVVP";Choose…
97;97;75715;75715;@VasiFranco @janoschdahmen @Berliner_Fw Erkennen Sie endlich die Studien an Genesenen an. Es reicht!! Geimpft und nun2 x genesen brauche ich Test in der Kneipe. Das ist lÃ¤cherlich?? Die geboosterten stecken sich munter an. Sie machen Ihre Arbeit schlicht unvollstÃ¤ndig! Herr Voshaar hat es ihnen bereits gesagt!!;Choose…
98;98;38856;38856;@Markus_Soeder @_FriedrichMerz @rbrinkhaus Das einzige was ihr bÃ¼ndeln kÃ¶nnt ist euer Rucksack, wiederwÃ¤rtig seit ihr Selbstdarsteller, SÃ¶der, Dobrindt und Blume in die Braunkohle;Choose…
99;99;21720;21720;@Weisse_Kerze @olafs_skam @Visperusly @Bundeskanzler @OlafScholz Versteht ein 1 Follower Troll aber nicht, was das heisst und ist... der zudem gerade mal ueber Keks zu sein scheint ...;Choose…
100;100;6616;6616;@Beatrix_vStorch Sie hÃ¤tten mal besser mehr zur  Sauberkeit erzogen werden sollen! Bei Ihnen scheint auch noch der Storch Ã¼ber,s Schmutzennest  zu fliegen! #afdmachtblÃ¶d #afdrausausdenparlamenten;Choose…
101;101;29557;29557;@MarcoBuschmann @c_lindner Und der Nikolaus , der trÃ¤gt weiter seinen schweren Sack. FDP aufwachen,die Preise gehen seit Wochen nach oben, wÃ¤hrend ihr euch auf der Liberaleninsel euer GlÃ¼ck, dass ihr regiert, nicht fassen kÃ¶nnt. Wir, das Volk wollen Taten sehen, und nicht eure rhetorischen Kaskaden hÃ¶ren.;Choose…
102;102;65130;65130;"@StBrandner Dann versucht es doch einfach noch mal, stellt einen auf und lasst ihn bei der Wahl scheitern. Ihr braunen Spinner habt sie doch nicht mehr alle.
#Bundeskasper";Choose…
103;103;62370;62370;@Korrektpolitish @Karl_Lauterbach na Kasperle, DU hast AhnungğŸ¤¡ğŸ¤¡ğŸ¤¡ğŸ¤¡ğŸ¤®;Choose…
104;104;64329;64329;@SarraKowsky @MalteKaufmann Welchen Spruch? Ihr AfD Fans mÃ¼sst doch selber mal merken, dass die Prozente bei den Wahlen immer weniger werden statt mehr. Die (Alp)TrÃ¤umer sind eher in euren Reihen zu finden.;Choose…
105;105;51037;51037;@polenz_r @niemehrgruen @Karl_Lauterbach Armer alter Angsthase.;Choose…
106;106;71376;71376;@Beatrix_vStorch @KathrinAnna Es liegt mir wirklich fern @KathrinAnna in Schutz nehmen zu wollen, aber was ist jetzt an der Kleidung schlimm? Eine dicke Leggins o. Strumpfhose, und darÃ¼ber hat sie ja etwas an. Das kann eine kurze Hose oder ein kurzer Rock sein. GeschmÃ¤cker sind verschieden Frau von Storch^^;Choose…
107;107;57088;57088;@ElfieTalime @Karl_Lauterbach @DrMikeRyan Lauterbach, der dreist Unwahrheiten und WendehalsmanÃ¶ver ins Mikro faselt, wirkt leider immer noch. ( siehe Profilbild);Choose…
108;108;3935;3935;"@Lucius40639572 @SWagenknecht TrÃ¤umer.
Das wird nicht funktionieren.
Das kapitalistische System ist unter Druck. Aber nicht durch Russland oder China. Beide selbst kapitalistisch.
Eher durch die amerikanische Linke und globale GrÃ¼ne.
Greta Thunberg ist fÃ¼r das kapitalistische System gefÃ¤hrlich. Wenn Ã¼berhaupt";Choose…
109;109;66507;66507;@StBrandner PI News. ğŸ˜‚ Man ist der Brandner ein Vollhorst;Choose…
110;110;60319;60319;"@AnneWillTalk @DasErste @Karl_Lauterbach @MarkusBlume @DrJanaSchroeder @annewill Danke Herr Lauterbach, genau richtig, Ã¼brigens, Herr Blume tut nicht nur so als wÃ¤re er dumm, er ist es !!!
â‚¬DU/â‚¬SU in allerbester Wendehals Manier, unertrÃ¤glich diese Union";Choose…
111;111;47281;47281;@lipsandskin @Karl_Lauterbach Notorische LÃ¼gner tun mir nicht leid;Choose…
112;112;15312;15312;"Welch Ãœberraschung:

#OlafScholz und die #SPD haben uns nicht den Weltfrieden gebracht.

Der Tweet war am 15.2. schon lÃ¤cherlich.

Aber jetzt sei die Frage erlaubt:
MÃ¶chten Sie ihren Tweet zurÃ¼ckziehen, @EskenSaskia ? https://t.co/xIYjX3Kk8Z";Choose…
113;113;28461;28461;"@dirkzimmer338 @fdpbt @fdp @christianduerr Na sicher, die FDP ist dran Schuld, nicht Russland.
Klare Opfer - TÃ¤ter Vertauschung";Choose…
114;114;27387;27387;@janoschdahmen @dieschmidt @till_steffen @MAStrackZi @KatrinHelling @DirkWieseSPD Diese Impfpflicht ist verfassungswidrig!! Ihr Verbrecher wisst das ganz genau!! SchÃ¤mt euch... RÃ¼cktritt der  gesamten Regierung!!!ğŸ˜¡ğŸ˜¡;Choose…
115;115;49554;49554;"@BMG_Bund @Karl_Lauterbach Alter Schweden... ich habe ja schon von vielen Leuten gehÃ¶rt das die ihre Kohle fÃ¼r irgendeinen Schrott ausgegeben haben,  aber das hier Ã¼bersteigt die Grenze der Dummheit um ein vielfaches ğŸ¤¦â€â™‚ï¸ğŸ¤¦â€â™‚ï¸ğŸ¤¦â€â™‚ï¸
Wie kann man so ein Hirnlos mit dem Geld der BÃ¼rger umgehen ğŸ™ˆ";Choose…
116;116;66254;66254;@AfDProtschka Wohl eher bei den Putinfreuden ihr VaterlandsverrÃ¤ter. Danke fÃ¼r nichts!;Choose…
117;117;29271;29271;@MarcoBuschmann Die @fdp und ihre Vertreter sind solch armseligen LÃ¼gner. #FDPrausausderRegierung #FDP #FDPkannweg #fremdschaemen https://t.co/qzvEhROjmW;Choose…
118;118;38185;38185;@TKuban96 Wer Ist wir Vollpfosten ?;Choose…
119;119;60640;60640;@BerndK200 @AnneWillTalk @DasErste @Karl_Lauterbach @MarkusBlume @DrJanaSchroeder @annewill Oh ein Schaf, mÃ¤h, mÃ¤h;Choose…
120;120;69214;69214;@StBrandner Schon ScheiÃŸe wenn die eigene Klientel der Angreifer ist, wenn man doch vorher so schÃ¶n gegen die Angreifer hetzte. WÃ¤re ja nicht das erste Mal dass euer Haufen so verfÃ¤hrt. Wird sich ein neuer Aufreger fÃ¼r eure Fanboys finden und wenn ihr dafÃ¼r noch ein Kantholz erfinden mÃ¼sst.;Choose…
121;121;3052;3052;@SWagenknecht Wenn man keine Ahnung hat, einfach mal die Fresse haltenâ€¦;Choose…
122;122;32193;32193;@kristine_lutke @AnikoMerten @ria_schroeder @Valentin_C_Abel @MartinGassner Was fÃ¼r asoziale, menschenverachtende Spinner seid ihr denn?;Choose…
123;123;53261;53261;@Karl_Lauterbach HÃ¤ttest mal lieber Fleisch essen sollen, dann wÃ¤rst du auch kein Dummkopf geworden.;Choose…
124;124;41728;41728;@c_lindner Du schon wieder !!!!!!!,Ã¼brigens meine Katze hat DURCHFALL das darf nicht in Vergessenheit geraten ğŸºğŸºğŸº;Choose…
125;125;50103;50103;"@Karl_Lauterbach Wie immer bespielen Sie den plakativen Modus der ""vielen Toten"",der einen im Widerspruch als Unmensch dastehen lieÃŸe. Aber:stimmen die Zahlen Ã¼berhaupt? 200 Tote? MIT o. AN Covid? Begleiterkrankungen? Alter? Wie wÃ¤re tatsÃ¤chliche RisikoeinschÃ¤tzung anstatt MaÃŸnahmen Propaganda??";Choose…
126;126;21823;21823;An alle Kritiker von @OlafScholzâ€¼ https://t.co/ZvvcMEEq8m;Choose…
127;127;65805;65805;@huhnerbaron @wmoebius @Geli46635590 @StBrandner Diese Regierung ist die grÃ¶ÃŸte Beleidigung der Welt. Die Welt lacht Ã¼ber Deutschlands Regime. Und zu ihnen Komiker @huhnerbaron kaum erlaubt sich mal jemand diesem Abschaum die Wahrheit zu sagen, schon ist ein Linker da und nennt einen Nazi oder AFDLer.ğŸ‘»ğŸ‘»ğŸ‘» erbÃ¤rmlich;Choose…
128;128;33446;33446;"@TTellinghusen @csu_bt @Markus_Soeder @AndreaLindholz Ich verstehe nicht, warum die CDU/CSU erst jetzt ihre Fehler aus 16 Jahren Mist + Korruptenswirtschaft entdeckt und versucht, die der Ampel in die Schuhe zu schieben.
Gelogen und betrogen, nur die eigenen PrÃ¼nde gesichert.
Der Doofe WÃ¤hler merkt das ja nicht.
Das ist Euer Fehler. https://t.co/t0SZ9l8a98";Choose…
129;129;13757;13757;@sven_kindler @janoschdahmen @BMWK @BMFSFJ Warum muÃŸ eine Steuersenkung pauschal sein? Wollt Ihr uns veralbern? Man kann ja wohl auch eine Steuersenkung fÃ¼r Geringverdiener machen, natÃ¼rlich nur, wenn man das will!!!ğŸ¤¢ Haben etwa mehr als 20% von Euch keinen Abschluss? Unfassbar!;Choose…
130;130;50212;50212;@KritishBurzhaar @sneaketh1 @janusz81 @Flying__Doc NatÃ¼rlich Propaganda dieser Flying Doc. Die HNO-Wurst aus SH heult rum weil die Impf-Gewinne schrumpfen. UnzÃ¤hlige Ã„rzte haben jeden Anstand Ã¼ber Bord geworfen und bereichern sich am Leid anderer - gedeckt und bezahlt von der Pharma-Marionette @Karl_Lauterbach.;Choose…
131;131;37585;37585;"@n_roettgen Ich hab doch alle die Weisheit mit lÃ¶ffeln gefressen. Hier auf Twitter die groÃŸe fresse aber selber nicht in der Politik tÃ¤tig. Was soll das? Bringt uns das weiter? Habt ihr kein Vertrauen mehr in die deutsche Politik? Wir wollen Frieden und KEIN KRIEG.
â¤ï¸â¤ï¸â¤ï¸";Choose…
132;132;17203;17203;@janoschdahmen @dieschmidt @DirkWieseSPD @till_steffen @KatrinHelling @MAStrackZi SchwÃ¤tzer...sage ich als Geboosterter. Sie sind alle so in die falsche Richtung abgebogen, ich hoffe eine Mauer stoppt euch alle;Choose…
133;133;84118;84118;@ECMOKaragianni1 @janoschdahmen Zu deutsch: Nix. No problems. MaÃŸnahmen beenden, Ihr Volldeppen! #GameOver;Choose…
134;134;44118;44118;@milbrath_pierre @Karl_Lauterbach Unverfroren und stupide. Er gibt nicht auf, sondern macht sich lieber noch vollends lÃ¤cherlich. Er weiÃŸ nicht, wann es zu Ende ist. #EsistvorbeiKarl;Choose…
135;135;71897;71897;"Google sind alte klamotten ich bin die neue gute hitler internet generation! 2minuten 2500besucher grÃ¶ÃŸer 1 Domain #Dongi @ABaerbock @OlafScholz @c_lindner @CDU_BW @StadtRastatt@AndrzejDuda @JCNuernberg #Jobcenter @ntvde @welt @BILD #FuÃŸball #Bundesregierung @fdp
 
@spdde";Choose…
136;136;30341;30341;@MarcoBuschmann Noch ein Heuchler!ğŸ™„ğŸ‘;Choose…
137;137;30687;30687;"@A_Kater2022 @CoMe200960 @MarcoBuschmann Ihr habt fertig. Andere kritisieren und mit der Faust auf eine wehrlose Frau einschlagen (lassen).

Halt deinen Mund hab ich gesagt!

Verlogenes Pack.";Choose…
138;138;63627;63627;"@xDaveBravex @Karl_Lauterbach Du kamst doch mit Freiheit und daraufhin sagte ich dir nur das ich meine Freiheit nicht eingeschrÃ¤nkt sehe. 

So wie es aktuell ist kann man auch alles lassen auÃŸer der Maskenpflicht... beim Rest ist wenig aktuell relativ wenig nutzen/Sinn.";Choose…
139;139;73259;73259;@janoschdahmen Was bist du nur fÃ¼r kleines MÃ¤nnchen!!;Choose…
140;140;7537;7537;@Donerl4 @satisfymysoul93 @Karl_Lauterbach @Beatrix_vStorch @GansGruen Schau welchen Vollpfosten die so folgt, dann verstehst Du auch warum sie diese widerliche AfD Politikerin verteidigt.;Choose…
141;141;38083;38083;"@_FriedrichMerz Ich finde es immer perfide, wie sich die oberen Politiker einbilden fÃ¼r ein ganzes Volk sprechen zu kÃ¶nnen. Angst schÃ¼ren und das auf den RÃ¼cken der BÃ¼rger! #Ukraine #Angriffskrieg #Kriegserklaerung 
Wieso verhandelt man nicht um eine Volksabstimmung in diesen Gebieten?";Choose…
142;142;45910;45910;@Barbara43549050 @GermanusHeiko @WDRaktuell @Karl_Lauterbach Wirklich inwieweit unterstÃ¼tzt das die Hospitalisierungs-, ITS- und Todeszahlen. Sind die auch nur herbeigetestet ? Ihr #Wichswichtel seit so lÃ¤cherlich.;Choose…
143;143;79447;79447;@ThomasBurkhartB @phoenix_de @ABaerbock @AuswaertigesAmt Werden Sie nicht frech. Ich bin Doktor der Politikwissenschaft, und Sie wollen aggressiv werden. Ich mag nicht den PÃ¶bel wie Sie. Sie  kÃ¶nnen nicht mal diskutieren. Gehen Sie raus aus der Politik hier, bitte.;Choose…
144;144;2770;2770;"@SWagenknecht OMG ğŸ˜± 
Sich Erpressen lassen? seine SouverÃ¤nitÃ¤t aufgeben? 
Jetzt ist die Feigheit der anderen Parteien schon eine Qual. Aber die Linke Putin Propaganda... ğŸ¤® 
Wie fÃ¼hlt es sich an Hitler 2.0 zu folgen oder gewinnen zu lassen? Putin droht 15 Millionen Juden mit Atomwaffen.";Choose…
145;145;59504;59504;"@brainonoff @mueller_sepp @Karl_Lauterbach Da staut sich so Einiges zusammen was mich richtig wÃ¼tend macht.
Wenn man es ganz genau betrachtet, taugt Keiner etwas der da oben sitzt.
Entlastung finden BÃ¼rger nicht, immer schÃ¶n drauf zahlen, aber die DiÃ¤ten steigen.
Komisch, mein Gehalt  nicht.";Choose…
146;146;51059;51059;@polenz_r @Karl_Lauterbach Oh der CDU Parteisoldat, der gerne die BÃ¼rger weiter erpressen und gÃ¤ngeln lassen will.;Choose…
147;147;6452;6452;@Alice_Weidel zeigt im #Bundestag gerade wieder eindrucksvoll, wie dumm sie ist. So ein widerliches StÃ¼ck NazischeiÃŸe. ğŸ¤®;Choose…
148;148;34349;34349;@n_roettgen Hey, nicht die Geschichte verdrehen! Nicht Russland ist an die NATO Grenze gerÃ¼ckt sondern die NATO am die Grenze zu Russland! Sie Depp!!!ğŸ˜¡  Nichts fÃ¼r ungut.;Choose…
149;149;86105;86105;@chrisigleich @jensspahn Ich fÃ¼rchte du verstehst nicht ganz wie unser Steuersystem funktioniert. Nein es wÃ¼rde effektiv Geringverdiener entlasten und nicht nach GieÃŸkannenprinzip Ã¼berproportional die Gutverdiener, wie mit der Pendlerpauschale!;Choose…
150;150;28874;28874;"Hat es in der deutschen Geschichte irgendwann schon einmal Zeiten gegeben, in denen Politiker so schamlos und kackfrech dem Volk ins Gesicht gelogen haben?

@Bundeskanzler @ABaerbock @MarcoBuschmann @TschenPe @Markus_Soeder @MPKretschmer
#dankefueralles #TeamGeisterfahrer";Choose…
151;151;52764;52764;@Karl_Lauterbach Wer bei  mir noch mal einer kommt Omnicom leichter Verlauf der kriegt es  mit zutuen u richtig Stress auch bei Omnicom ist mit schweren VerlÃ¤ufen zu rechnen ,wie in meiner eigenen Familie also Fresse halten ihr da drauÃŸen vor allen Dingen die  Wagenknecht.. hoffe das s es bek.;Choose…
152;152;9223;9223;@Ricarda_Lang Wenn man keineAhnung hat, einfach mal die Fresse halten. Alte chinesische Lebensweisheit. ScheiÃŸ Diktaturstaat. Ich meine natÃ¼rlich KatarğŸ¤®;Choose…
153;153;33973;33973;@n_roettgen Ich schlage vor, kein â‚¬ mehr zu bezahlen. Die Putins-Maschine bleib dann endlich stehen.;Choose…
154;154;5988;5988;@LassUnsNageln @haenschen1000 @peterroemerac @Alice_Weidel Blocken ist HÃ¶chststrafe. Da weint Herr RÃ¶mer jetzt bestimmt die ganze Nacht. Rechte Dumpfbacke.;Choose…
155;155;14935;14935;"@maybritillner @Bundeskanzler @spdbt @EskenSaskia @OlafScholz @spdbt @SPDEuropa @spdde
@KuehniKev @EskenSaskia

Schickt @OlafScholz auf einen Wahrheitskurs fÃ¼r AnfÃ¤nger!

Diese SchÃ¶nrederei &amp; rumgeeiere um zum Himmel stinkende Schei...
ist NUR NOCH EKELHAFT !!!

Sch... bleibt Sch...

Tacheles v #Habeck &amp; @ABaerbock ist unheimlich WOHLTUEND";Choose…
156;156;9569;9569;"@Obi1nairobi1 @matzeb2007 @MikeZelot @KonstantinNotz ğŸ˜…ğŸ˜…ğŸ˜…, ja richtig. 
Ich gucke es ja nicht.ğŸ˜…ğŸ˜…Ich habe es nur meinem 4 jÃ¤hrigen Enkel gezeigt und der hat es so ausgesprochen. ğŸ˜…ğŸ˜…
Und das gucken Sie? Ich habe erst gedacht, das es ein StÃ¼ck KÃ¤se ist.ğŸ§€ Aber weder der Schwamm oder der KÃ¤se bringen uns hier weiter.";Choose…
157;157;84190;84190;@ARD_BaB @ABaerbock Hat Merkel scho gereicht jetzt kommt sie daher! De Politik vernichtet Deutschland weiter u. sie sehen es bis heute nicht wie blÃ¶d einer sein kann. BÃ¼rger zahlen auf Rechnungen drauf. die Politik zahlt u. zahlt ohne Ende. Deutsche Politik war scho immer ein benutztes Klopapier.;Choose…
158;158;82439;82439;@BinGanzBrav @GansGruen Und nein, es ist nicht Satire, die finden das so und es ist sowohl biologisch, als auch gendertheoretisch komplett Mist.;Choose…
159;159;14012;14012;"@Whereismymodel3 @FrankfurtZack @Ricarda_Lang @RenateKuenast @janoschdahmen Service-Tweet

Liebe @Die_Gruenen

Sachlich berechtigte Kritik und Ã¼belste Beleidigungen (KÃ¼nast) sind zwei unterschiedliche Dinge und gehÃ¶ren nicht in einen Topf.

@janoschdahmen hat sich verrannt und sollte dies eingestehen. Er ist hier TÃ¤ter und nicht Opfer.";Choose…
160;160;33752;33752;"@Stina2312 @n_roettgen BlÃ¶dsinn. Was kommt als nÃ¤chstes? Nur noch in Bitcoin? Gold? Erstgeborene? 
#Tyrann
#PutinIsaWarCriminal 
Lies mal, #FCKPTN ist lÃ¤ngst eskaliert. ğŸ‘‡
https://t.co/v8H3jVCoDk";Choose…
161;161;58190;58190;@Karl_Lauterbach @DrTedros Deine Impflicht kannst Dir in den Arsch schieben! Ich bin geboostert und werde mich nicht mehr impfen lassen! Seit dem Boostern habe ich beim sprechen oft einen Hustenreiz! Schlechter Luft bekomme ich auch ! Verpiss Dich mit der Pflicht! Ich Scheisse auf Dich und die dreckige ğŸš¦;Choose…
162;162;20563;20563;"@OlafScholz Lieber Olaf ab morgen sind alle nazi s die dich nicht mÃ¶gen.
ğŸ™ˆğŸ™ˆğŸ™ˆğŸ™ˆğŸ™ˆğŸ™ˆğŸ™ˆğŸ™ˆğŸ™ˆğŸ™ˆğŸ™ˆ
Geht nicht mal RÃ¼cktritt.
Ist das die roteline kein Schritt weiter. https://t.co/gnCPeyUGrw";Choose…
163;163;63016;63016;@MatzeG13 @Karl_Lauterbach @BILD @welt Ja, weil nur noch Dumme sich den Mist anschauen ğŸ¤—;Choose…
164;164;759;759;@Sonnennutzer @ingo1960 @Amira_M_Ali D E M O K R A T I E!!! Da zur Bundestagswahl nur Pest oder Cholera zur Auswahl standen...haben wir jetzt das Ãœbel.â˜¹ï¸;Choose…
165;165;24728;24728;@OlafScholz Nach diesem Aufruf stÃ¼rmen die Querdenker gaaanz sicher die Impfzentren. Hoffnung alleine reicht leider nicht! #Impfplicht;Choose…
166;166;52774;52774;@julia_a_noack @Karl_Lauterbach @Karl_Lauterbach ist nur noch eine Witzfigur. Die Kombi aus â€stÃ¤ndig warnen, wie gefÃ¤hrlich Covid istâ€œ und â€alle MaÃŸnahmen aufhebenâ€œ ist eigentlich schon Gaslighting. Oder kognitive Dissonanz?;Choose…
167;167;40568;40568;@maxmordhorst Wenn man sich weniger auf die AfD als Gegner fokussieren wÃ¼rde, hÃ¤tte es vielleicht auch mit dem Wiedereinzug geklappt. Aber da man ja lieber Inzucht mit den linken Parteien betreibt, sollte man sichvauch nicht beschweren.;Choose…
168;168;75434;75434;@janoschdahmen Sprach der Oberspacken der keine Ahnung vom Thema hat. https://t.co/ZcJ3yjwi2j  #dahmeleugt, einfach ma, die fresse halten wenn man nichts ausser spalten, verleumden und lÃ¼gen kann und von dem besonder viel;Choose…
169;169;58220;58220;@PIRATEN_Saar @Karl_Lauterbach @BillGates Leider ist die Angstmacherei mit Computerchips nicht mehr trendy, man macht jetzt Angst mit Unfruchtbarkeit, Krebs und andere Erkrankungen wenn man sich Impfen lÃ¤sst. Die Menschen glauben die Impfung kÃ¶nne noch in 10 Jahren Schaden anrichten...;Choose…
170;170;80917;80917;@GrueneBundestag @GansGruen Hier gibt es BÃ¼rger die ihren Strom nicht bezahlen kÃ¶nnen dank eurer Politik und ihr quatscht hier so einen DÃ¼nnschiss ğŸ¤®ğŸ¤®ğŸ¤®;Choose…
171;171;48596;48596;@Daywalk77174021 @Steffen12111978 @Hosenmaus1 @Karl_Lauterbach Lass es doch, du Knaller kapiert das erwiesener maÃŸen, ohnehin nicht. Mit jedem Tweet machst du dich noch mehr lÃ¤cherlich armer armseliger frustrierte Mensch;Choose…
172;172;37079;37079;@francalehfeldt @_FriedrichMerz Merz hat sich an der letzten Bundesregierung abgearbeitet. Eine Koalition besteht aus Kompromiss. Diese ebenso. Bitte fangt wieder an Politik zu erklÃ¤ren anstatt irgendeinen polemischen Scheiss zu posten. Die Leute glauben Euch und gehen dann Montags demonstrieren!;Choose…
173;173;3014;3014;"@SWagenknecht Ganz ehrlich: Ihre Oppositionsarbeit ist zum kotzen. Immer in die Mitte; immer diese Unlogik - das ewige gequatsche vom Frieden in Zeiten der Asche - und alles in devotester Haltung an Putins Arsch. Ich meine: Irgendwann muss man doch mal ein wenig Ehre haben und aufrecht gehen.";Choose…
174;174;65862;65862;@StBrandner DummschwÃ¤tzer;Choose…
175;175;10510;10510;@svenlehmann 8 Jahre zu spÃ¤t ihr Heuchler;Choose…
176;176;29039;29039;@MarcoBuschmann Komisch, es fÃ¼hlt sich kein StÃ¼ck wie 'NormalitÃ¤t' an. Aber es kann natÃ¼rlich sein, dass sich die derzeitigen ZustÃ¤nden als 'normal' identifizieren...;Choose…
177;177;82046;82046;@M_Ziesmann @janoschdahmen @ZDF @ZDFheute Was fÃ¼r ein Huso;Choose…
178;178;22463;22463;@TKCologne81 @Kricke1905 @OlafScholz @ABaerbock LÃ¤cherlich, sich fÃ¼r etwas zu feiern, was mit der eigenen Politik in Zahlen null zu tun hat.;Choose…
179;179;85469;85469;"@EU_ScienceGeek @sanice77 @HalleVerkehrt @Keeper_86 @Sandra_Hoehne @SchaferCorinna @1yk0s @GansGruen @GeorgineKellerm Ich verstehe dieses Problem (Toilette) nicht. ""Frauentoiletten"" haben abschlieÃŸbare Kabinen. Und wenn Frauentoiletten bei Veranstaltungen Ã¼berfÃ¼llt waren bin ich auch schon mal zur TÃ¼r mit dem MÃ¤nnchen rein....";Choose…
180;180;67937;67937;"@StBrandner Wir BÃ¼rger werden mit #ekelhAfDen ""Politikern"" Ã¼berlastet. Die #BrauneSekte hat Ã¼berhandgenommen.
#AfD Beenden!  #Brandner ins Klo sperren!
#AafD #ArschfD #AfDrausausdenParlamenten https://t.co/p0O0Gp5OqH";Choose…
181;181;44607;44607;@WDRaktuell @Karl_Lauterbach ich lebe in Spanien, alles vorbei mit Corona Regeln, ab heute, ist Covid19 in allen Formen ein normales Krankheitsbild. ğŸ‘Dank ueber 90% richtig geimpfter! Bedankt euch bei den Querdenker Hohlkoepfen. Auch hier laest die PISA Studie gruessen. Nur FB reicht nichtğŸ˜­;Choose…
182;182;4253;4253;@SWagenknecht kapieren die nato trolle nicht oder wollen es nicht.;Choose…
183;183;70254;70254;@janoschdahmen Ich dachte immer KL ist der grÃ¶ÃŸte Quacksalber in der Politikâ€¦ aber Sie toppen alles!!!;Choose…
184;184;31634;31634;@janoschdahmen @dieschmidt @DirkWieseSPD @till_steffen @KatrinHelling @MAStrackZi Hau ab  Du Vogel.;Choose…
185;185;65040;65040;@StBrandner WeiÃŸt der Depp nicht, wie man sich auf Arabisch begrÃ¼ÃŸt?;Choose…
186;186;69148;69148;@StBrandner Witzbold...das lag sicher nicht an der AfD!;Choose…
187;187;68065;68065;"@AfDimBundestag @Tino_Chrupalla @Alice_Weidel faschistische Heuchler #afdverbotjetzt 
https://t.co/Y4RsaSc6nQ";Choose…
188;188;62680;62680;@Karl_Lauterbach Wer's glaubt wird selig. Die MaÃŸnahmen waren so wirkungsvoll wie eine Wasserpistole gegen einen Waldbrand und wir kÃ¶nnten uns den ganzen Mist locker schenken. Unsere Politik ist nur zu feige es zuzugeben.;Choose…
189;189;52986;52986;@RomanFischer78 @Hosenmaus1 @Karl_Lauterbach @WHO Ach, ein SchluchtenscheiÃŸer bist du ja auch noch. Den wievielten GM habt ihr denn mittlerweile verbraucht. Der letzte hat ja die MÃ¼cke gemacht;Choose…
190;190;70013;70013;@MalteKaufmann Was so ein richtiger Lutscher ist, weint halt wegen nem StÃ¼bchen rum. Du bist eine Mietzekatze.;Choose…
191;191;19584;19584;@MiRo_SPD Meine GÃ¼te, so langsam habt ihr wirklich einen am Sender. Spinnt ihr eigentlich? Was soll dieser Scheiss-Aktivismus Ã¼berhaupt? Ihr wisst schon nie, wann's mal genug ist. Aber ja, #SPD, sind doch die ohne rote Linien..;Choose…
192;192;17178;17178;"@till_steffen #GruenerMist 
Niemals werde ich mich mit diesem MRNA-Dreck impfen.
Dass gerade NoGruene diese kÃ¼nstliche Scheisse pushen, lÃ¤sst in mir die Frage aufsteigen, was in dem Dreck wirklich drin ist? Philanthropen seid Ihr NoGruene wirklich nicht.
#Impfpflichtneindanke";Choose…
193;193;37535;37535;"@_FriedrichMerz Jetzt muss ich mich weltweit fÃ¼r unsere Warmduscher
Kuschel Gutmenschen schÃ¤men! Ein Kind als AuÃŸenministerin, eine Oma als Verteidigungsministerin, ein Zwerg als Kanzler. Deutschland macht sich weltweit lÃ¤cherlich und mitverantwortlich!";Choose…
194;194;62718;62718;"@Karl_Lauterbach Panik Karl

Ich warte immer noch auf meine erste Corona Infektion. Ich lebe bis auf eure BeschrÃ¤nkungen ganz normal, bin und bleibe ungeimpft und kann euch Volksverhetzer nicht verstehen. Die einzige Angst die mir Corona macht ist die Impfung, aber bevor ich mir diesen Dreck";Choose…
195;195;65097;65097;"@JanySchneider16 @SealiixOne @heavyblogging @StBrandner Typisch primitives AfD-Niveau.
Aber das ist normal. So sind AfDler halt.

Auch normal ist das die AfD nach Skandal-Aussagen wieder zurÃ¼ckrudert indem sie es entweder als Ironie oder wie von Storch es so poetisch ausdrÃ¼ckt als â€mausgerutschtâ€œ bezeichnet.";Choose…
196;196;86359;86359;@JoWadephul @_FriedrichMerz @cducsubt VerlÃ¤ssliche Partner sind fÃ¼r Deutschland auch nur soche Kriegsverbrecher und MassenmÃ¶rder wie die USA. LÃ¤nder welche die Menschenrechte und Freiheit mit FÃ¼ÃŸen getreten wie Saudi-Arabien und Katar. Aber was will man sonst auch fÃ¼r Partner nach dem 3. Reich erwarten. Gleiches halt;Choose…
197;197;27798;27798;@SusanneBaessler @nhaerting Ich wÃ¼rde mich freuen, wenn @MarcoBuschmann den Freiheitswillen der BÃ¼rger tatsÃ¤chlich unterstÃ¼tzt. Nach zwei Jahren Corona habe ich groÃŸe Zweifel an der Politik. Auch die Aufarbeitung wird eines Tages notwendig, wenn es sich zeigen wird, dass die MaÃŸnahmen untauglich waren.;Choose…
198;198;60656;60656;@BMG_Bund @Karl_Lauterbach @aktuelle_stunde Lauterbach erzÃ¤hlt seit 2 Jahren nahezu unwidersprochen ScheiÃŸe. Ich pisse auf diese lobbygesteuerte Clownrepublik.;Choose…
199;199;64943;64943;@Nicole_Hoechst DreckstÃ¼ckâ€¦ du auch.. ğŸ¤·â€â™‚ï¸ğŸ¤·â€â™‚ï¸;Choose…
200;200;72980;72980;Versteht ihr dass 100, 1000ende Ukrainer, ğŸ‡ºğŸ‡¦ Soldaten, Frauen, Kinder sterben wÃ¤hrend ihr feige und trÃ¤ge nichts tut? Waffen, Flugzeuge, jetzt! @OlafScholz @ABaerbock Ihr seit mitschuldig!!! https://t.co/NeS5XKXXob;Choose…
201;201;71272;71272;@GrueneBundestag @katdro Ja klar Ihr Schalter ja alles aus was gut und wichtig, WIE ATOM STROM...aber die GrÃ¼ne Verbots Partei weiÃŸ ja alles besser und wir mÃ¼ssen es ausbaden...besser abtretten und nicht noch mehr Mist machen was DEUTSCHLAND schadetğŸ‘ğŸ‘ğŸ‘ğŸ‘ğŸ˜ğŸ˜ğŸ˜ğŸ˜ğŸ™ğŸ™ğŸ™;Choose…
202;202;45127;45127;"@Tinettchen1 @Karl_Lauterbach WÃ¤re ja geil, wenn er zurÃ¼ck schreiben wÃ¼rde:
â€Dann machen sie doch was, ich hab keinen Bock mehr."" ğŸ¤­ WÃ¤re wenigstens ehrlich.";Choose…
203;203;58934;58934;@sebast_hartmann @helgelindh Danach schÃ¶n in den Arm genommen und einen Wein trinken gegangen, oder? Eure SchmierenkomÃ¶die ist so lÃ¤cherlich.;Choose…
204;204;70409;70409;"@SilkeGebel @Ricarda_Lang @GrueneFraktionB @BaharHaghani @s_kahlefeld @AnjaKofbinger @janevabr @susannemertens_ @BriHasselmann @katdro @ulle_schauws ""Supporten""? Ich weiÃŸ, Ihnen ist alles Deutsche zuwider, aber das ist wirklich unglaublich lÃ¤cherlich.";Choose…
205;205;83270;83270;@GoeringEckardt Wie kann man von einer Wahl sprechen wenn der Gegenkandidat schon im Vorfeld abgewÃ¼rgt wurde. LÃ¤cherlich. Ich weiÃŸ nicht was ihr regiert, aber das Deutschland in dem ich lebe ist es nicht.;Choose…
206;206;27662;27662;@christianduerr Ach, kommen die Herren der #AFdP nicht mit direkter Kritik aus der BevÃ¶lkerung klar? Habt ihr Vogel geglaubt dass Euch DenkmÃ¤ler gebaut werden? Die kÃ¶nnt ihr bei den Schwurblern auf Telegram suchen. Das geht alles auf Euer Konto.;Choose…
207;207;47347;47347;"@schluetersalzk1 @fdpbt @spdbt @GrueneBundestag @Karl_Lauterbach ğŸ˜‚ Ja, ne is klar. Jetzt machen die BL weiter mit flÃ¤chendeckenden ""HotSpots"". Fredomday am Arsch!";Choose…
208;208;55915;55915;@Karl_Lauterbach https://t.co/dLRUdXjUma Widerliches Arschloch !;Choose…
209;209;71314;71314;"@dergruenemax @emiliafester Peinlich und dumm. Sowohl das Kleinkindvideo als auch Kritiker als rechte Hetzer abzustempeln. WÃ¤re Impfung der Weg aus der Pandemie, wÃ¤re das mit 80% Impfquote + den Genesenen lÃ¤ngst getan. Impfstoffe wirken kaum, bergen Nebenwirkungen &amp; Durchseuchung der ErkÃ¤ltung lÃ¤uft aktuell";Choose…
210;210;7776;7776;@Sipora_leWatt @JohannesSteup @Beatrix_vStorch Diese Figuren nennen sich AfD uns sind so etwas wie die NSDAP-Nachfolgeorganisation. SchÃ¤men muss man sich fÃ¼r die aber nur, wenn man selber Nazi ist. Wieso fragen Sie?;Choose…
211;211;80261;80261;@DJanecek Wie wÃ¤re es denn mit: Wer sich impfen lassen will, kann das machen. Wer nicht, der lÃ¤sst es eben?! Hm ? Und jetzt kommen Sie mir nicht mit der Ãœberlastung von ITS. Damit machen Sie sich bestenfalls lÃ¤cherlich... ğŸ¤¨;Choose…
212;212;76595;76595;"@gerdlippold @BHerrmann_ @Gruen_WGuenther @mdrde Darum ging's doch gar nicht. Ihr Boss und unser Minister hat Mist erzÃ¤hlt. 

Der Gasverbrauch wird bei weiterem #EE Ausbau steigen und nicht sinken.

Aktuell 16% und nach ihren eigenen Planungen in 2030 20% Gasanteil in der Stromerzeugung ğŸ¤·. https://t.co/EoV03XkRjY";Choose…
213;213;40279;40279;@starkwatzinger Wenn ich lese, dass die FDP gegen SchutzmaÃŸnahmen klagt, die die Ã¼berwÃ¤ltigende Mehrheit der BÃ¼rger wollen, die sie angeblich regieren, darf man keine GlÃ¼ckwunschkarten erwarten. Entscheidungen wie die zum IfSG sorgen fÃ¼r Leid und Tote. Sorry, dass wir kein Konfetti werfen.;Choose…
214;214;42949;42949;@c_lindner Penner! Mein Fahrrad ğŸš² benÃ¶tigt aber kein Benzin?! Was bekomme ich?! ğŸ¤¬ #Benzinpreis;Choose…
215;215;50368;50368;"@STBAER66 @PeppermintPett6 @Karl_Lauterbach Lass sie ab und bei einer Infektion bitte zu Hause im Bett bleiben.
Im Klinikum haben die keinen Bock Schwurbler stÃ¤ndig umzudrehen.
Bei Atemnot reicht ein Inhalator.";Choose…
216;216;72383;72383;@BriHasselmann @emiliafester Nur haben wir keine Demokratie! Andere Meinungen werden gecancelt,  man wird als Aluhut und Nazi bezeichnet, weil nur die EINE Meinung zÃ¤hlt. SchÃ¤mt euch, ihr werdet euch alle noch vor Gericht verantworten mÃ¼ssen.  Die vielen Impftoten lassen sich nicht mehr verheimlichen!;Choose…
217;217;71827;71827;@BriHasselmann da sind sie wieder_ die drei finger die auf einen selbst zurÃ¼ckzeigen. ich wÃ¼nsche mir mehr gustav heinemann in der politik: bin ich ein nazi?;Choose…
218;218;19228;19228;@Thomas_Bareiss Der VVN BDA ist fÃ¼r Sie verfassungsfeindlich? Kommt mal runter du Heuchler, ist ja peinlich.;Choose…
219;219;1845;1845;@Dehkahbah @Koshydaingame @Olln75 @SWagenknecht Ich habe keinen Bock genuked zu werden=ich verteidige Putin. Muss man wissen.;Choose…
220;220;14870;14870;"Wie lange wollen sie sich noch von der fdp auf der Nase herumtanzen lassen? 
@spdbt @GrueneBundestag @Ricarda_Lang @EskenSaskia 
Ich habe nicht GrÃ¼n gewÃ¤hlt um den ganzen fdp-scheiss durch zu winken.
#DieMaskeBleibtAuf https://t.co/8DL5oO8ebX";Choose…
221;221;78111;78111;@ABaerbock @JY_LeDrian @RauZbigniew Was geht hier eigentlich ab? Die Ukraine war noch vor ein Jahr die BÃ¶se rechte Nation und auf einmal sind sie die Opfer? Was passiert hier nur, dreht die EU jetzt vÃ¶llig ab, oder was ist hier los? https://t.co/3nfmrX7S4U https://t.co/zmltMTN1Kn;Choose…
222;222;75404;75404;@Janneausberlin @NancyFaeser @ABaerbock @dpa Das ist unglaublich. Also welche Interessen verfolgt die Ukraine? In der jetzigenUkrainischen Not, wÃ¼rde sogar der Teufel auch Fliegen fressen. Warum rettet die UkrainenischefÃ¼hrung  nicht die Menschen und legen die Waffen nieder? Lieber produzieren sie schreckliche Bilder;Choose…
223;223;34465;34465;@realTomBohn @tagesthemen Ach du scheiÃŸe! Ich habe jetzt Mal 10 Kommentare darunter abgesetzt. Helft mit. @jreichelt @janfleischhauer @gaborsteingart @JuliaKloeckner @_MartinHagen @SZ @faznet #defundÃ–RR #defundoerr #skandalgez #gezstoppen;Choose…
224;224;42419;42419;@starkwatzinger Oh, juhu! Ich bin so froh! Qualitytime: Ich darf weiterhin jeden Abend meine ZweitklÃ¤sslerin trÃ¶sten, die in der Schule gerade wie ein Wanderpokal herumgeschoben wird. Momentan fÃ¤llt schon die Vertretung der Vertretung ihrer Klassenlehrerin aus;Choose…
225;225;74142;74142;@gruene_jugend @emiliafester RealitÃ¤tsverlust im Endstadium. Und so eine Gestalt muss ich mitfinanzieren. Diese Regierung ist das ALLER letzte !;Choose…
226;226;55644;55644;@LaiThy89 @oida_grantler @Karl_Lauterbach Alles klar.. wo nun jeder bildungswillige Mensch weiss,das Masken nicht bei Viren helfen.woanders kann man ja Demokratie einfordern,aber nicht bei uns..wie immer..Amis beziehen Ã–l von Russland,wir sollen dich bitte aufs Gas verzichten,Heuchler Ã¼berall ..;Choose…
227;227;10397;10397;@zeitonline @Ricarda_Lang @bertpsch BlÃ¶de Kuh. Die normalen Leute werden von der Politik schon lÃ¤nger vergessen.;Choose…
228;228;16780;16780;"@blackgreenrevol @willemL87 @AmosVenema @LieblBoris @Vornerbauer @norwichruesse @BlogAgrar @HofstetGP @AnneSpallek Die Praxis zeigt aber leider: Wer bei uns einen neuen ""Laufstall"" baut lÃ¤sst oft seine KÃ¼he immer mehr IM Stall. Da gehen die Weidegangtage schnell zurÃ¼ck und das Tor auf und schnell auf die FlÃ¤che hinterm Hof wird auch schon als Weidegang gezÃ¤hlt, egal ob da Grass stehtğŸ¤ª";Choose…
229;229;84603;84603;@janoschdahmen Man kann das ganze einfach nicht mehr ernst nehmen. Falls ihr es noch nicht mitbekommen habt, niemand will euch und niemand hat mehr bock auf eure GrÃ¼tze, provoziert ruhig weiter ğŸ˜‚;Choose…
230;230;40421;40421;"@LumpiNachbars @recrutainment @RAinDiercks @MarcoBuschmann @fdpde @spdde @Die_Gruenen @c_lindner Haben Sie den Tweet nicht verstanden? Es ging um Ihr ""keine Sau gejuckt"". Das ist einfach Unsinn. Kinder mÃ¼ssen u.U. sogar wg. LÃ¤usen zu Hause bleiben.";Choose…
231;231;13847;13847;@AufstandLastGen @OlafScholz @cem_oezdemir Arbeitsloser wichserğŸ˜…ğŸ˜…;Choose…
232;232;27975;27975;@IchBinsPepe @MB234340993 @MarcoBuschmann â€Laber keinen Mist zahlen zeigen das selbst mit maske keinen nennenswerten Unterschied zu keiner Maske gibt [â€¦]â€œ Wenn es so wÃ¤re, wÃ¤re mir sogar Ihre Gossensprache egal. Gott sei Dank ist es nicht so bei Masken. Medizinisches Personal kann Ihnen das auch professionell erklÃ¤ren.;Choose…
233;233;63392;63392;@malteingver @HeinzeParsifal @Karl_Lauterbach Unkraut vergeht nicht;Choose…
234;234;53293;53293;@Karl_Lauterbach Ich lebe seit 37 Jahren fleischfrei. Aber die Bevormundung durch diesen dÃ¤mlichen Menschen widert mich so an, dass ich ein Schwein auf Toast verschlingen wÃ¼rde, nur um ihn in die Eier zu treten.;Choose…
235;235;77773;77773;"@janoschdahmen In welchem scheiss Universum lebst du Vogel eigentlich? Wie soll ein Impfstoff, der weder sterile ImmunitÃ¤t,noch einen schweren Verlauf verhindert helfen?
Du gehÃ¶rst eingekerkert aber sofort.";Choose…
236;236;41485;41485;Es ist schon LUSTIG, wenn von einer der @c_lindner Partei FDPğŸ¤¢ AngehÃ¶rigen, das Wort #Wendehals in den Mund genommen wird, eine Aussage der #FDP ğŸ¤¢hat doch KEINE Halbwertzeit von mehr als 5 Minuten, Lieber LÃ¼gen als gar nicht regieren, Deine @FDP https://t.co/AZx8ucwPid;Choose…
237;237;29190;29190;@nordmann80 @FSchonbrunner @MarcoBuschmann So ist es..stehend sterben statt Kommunisten Sklave am Arsch ,,,wegklicken macht die scheisse allein;Choose…
238;238;44505;44505;"@KellerNews @BerlinerHedoni1 @stohr_klaus WAHN 
SINN!!!,
was man sich in diesem Land inzwischen fÃ¼r eine dumme ScheiÃŸe von @Karl_Lauterbach anhÃ¶ren muss. Und dieses Trottelland ğŸ‡©ğŸ‡ª macht einfach weiter! Ich hatte noch NIE viel Respekt fÃ¼r meine Mitmenschen Ã¼ber. Aber seit Corona sinkt meine Achtung wirklich ins Bodenlose.";Choose…
239;239;23231;23231;@spdde @Bundeskanzler @OlafScholz Lars Klingbeil, wo war die SPD als die Amerikaner in den letzten 40 Jahren so viele illegale Angriffskriege gemacht haben, und so viele Regime Change durchgefÃ¼hrt haben? Frage wirklich nur weil ich kein Esel vor mir habe sondern einen klugen Menschen.;Choose…
240;240;79267;79267;â€šentnazifizierungâ€˜ meint jede freiheitsliebende bÃ¼rgerin und jeden freiheitsliebenden bÃ¼rger der ukraine. es droht hier eine â€šsÃ¤uberungâ€˜.. und wie eine grÃ¼ne wie @ABaerbock sich hier nicht fÃ¼r waffenlieferungen stark machen kann, ist mir ein rÃ¤tsel. https://t.co/4ySc7io7wz;Choose…
241;241;30873;30873;"@MarcoBuschmann @BILD Warum eigentlich immer BILD? 

Sind Sie von denen gekauft und mÃ¼ssen immer wieder liefern? 

Es ist langsam lÃ¤cherlich. Ihr Ministerium hat eine Website. Wenn Sie der BevÃ¶lkerung etwas zu sagen haben, dann nutzen Sie bitte endlich die offiziellen KanÃ¤le.";Choose…
242;242;68624;68624;@ZwischenrufMdB @Tino_Chrupalla @LindaTeuteberg fÃ¼r eine abgesetzte , farblose Ex-GeneralsekrÃ¤terin ECHT M FRECH.. aber ohne der Afd zu hofieren, reiÃŸt die EmporkÃ¶mmling selbst nur die groÃŸe klappe auf.. #StillSein;Choose…
243;243;71440;71440;@ninastahr @BriHasselmann @GrueneBundestag Das ist doch ein Glas voll dreck, eher mist. Passend.;Choose…
244;244;45505;45505;@ORonnisch @helgelindh @DuezenTekkal Du Spinner kennst keine Details und kennst keine HintergrÃ¼nde und unterstellst hier gleich ein Verbrechen. Du bist echt der klassische SofaHeld. Wie peinlich;Choose…
245;245;52311;52311;@marcfriedrich7 @Karl_Lauterbach Der soll mal ohne seine LeibwÃ¤chter jemanden zur Impfung zwingen ğŸ¤£ğŸ¤£ einfach nur lÃ¤cherlich der Typ;Choose…
246;246;66042;66042;"@AfDProtschka Ich lass das da jetzt mal so stehen, weil ich Ã¼berhaupt keine Lust mehr hab, mir da irgendwas Ã¼berlegen zu mÃ¼ssen, damit der Vogel von der #fckafd das auch versteht.
Es nÃ¼tzt ja auch einfach nix. Also ""Einfache Sprache""-Modus an.";Choose…
247;247;20819;20819;#zdffrontal @ZDFfrontal Seit 2 Wochen macht ZDF unaufhÃ¶rlich Front gegen Bezug von Ã–l, Gas u Kohle aus Russland. Und hat trotzdem gerade einmal geschafft, 55 % der BevÃ¶lkerung zielgerichtet zu beeinflussen. Schlechtes Ergebnis. @heutejournal @OlafScholz @ABaerbock @tagesthemen;Choose…
248;248;62714;62714;@kobieyashi @Karl_Lauterbach Ich kann es natÃ¼rlich nicht beweisen, es fÃ¤llt mir nur in meinen Umfeld auf. Hinzu kommt noch eine neue Krebs Diagnose bei einer Bekannten. Beweisen mÃ¼sste Pfizer eigentlich, dass es nicht sein kann. Gibt es toxikologische Untersuchungen?;Choose…
249;249;73734;73734;@Karl_Lauterbach @janoschdahmen Lauterbach... du bist so lÃ¤cherlich;Choose…
250;250;67486;67486;@StBrandner @AfD Muss wird mit Doppel â€sâ€œ geschrieben! Bitte wiederholen sie noch einmal Rechtschreibung fÃ¼r AnfÃ¤nger;Choose…
251;251;62265;62265;@vt27kolt11 @Leonida47077574 @WeingartenDE @betablogr @Michael_Kunz @miaumiau1975 @CeglarM @Velofisch @dieMaehms @ArnoldSchiller @RAStadler @Freihei89070736 @Clauduella_ella @Granata64 @immellocker @RolfMeissler @BertelsenDr @kchr_grr_krch__ @ichbinschoener @jaquearnoux @pdfkungfoo @AK_Meier @Kachelmann @WOLKEFN @qnbechtel @HerrPhteven @tourmas @gothp1 @BerndPaysan @transimagine @CarstenBKK @schautnichtweg @DaToby98 @me2birdie @polis2_0 @3009Lui @oju1305 @EskenSaskia @Oldperl @yonny_s @schoos76 @christophnebgen @energisch_ @uweplus @jensspahn @Karl_Lauterbach @Markus_Soeder @MPKretschmer @MarcoBuschmann @stohr_klaus Das Abschlachten von Tieren fÃ¤nde ich auch sehr schrecklich, denke da an die vielen Nerze in DÃ¤nemark oder die niedlichen aber ansteckenden Hamster in HongKong, die man wohl in groÃŸer Zahl tÃ¶ten musste...;Choose…
252;252;51423;51423;@Karl_Lauterbach Kalle, steig endlich ab. Dein Gaul ist tot.;Choose…
253;253;80047;80047;@DJanecek Das Problem ist nicht die Plandemie. Das Problem sind GrÃ¼ne. Typen wie Sie, die von nichts eine Ahnung haben, aber hochbezahlt und nutzlos in Parlamenten und AusschÃ¼ssen rumgammeln, und sich mit ihrem sehr eingeschrÃ¤nkten Intellekt ZwangsmaÃŸnahmen fÃ¼r freie BÃ¼rger ausdenken ğŸ¤®;Choose…
254;254;52160;52160;@JSchokominzaK @Doktor_FreakOut @Karl_Lauterbach Wenn fÃ¼r diese Koalition Menschen sterben mÃ¼ssen ist sie einen Dreck wert. Wer sich so verhÃ¤lt ist nicht fÃ¼r die Regierung geeignet und da gibt es auch keine Entschuldigung.;Choose…
255;255;36896;36896;@n_roettgen RÃ¶ttgen Atlantischer DummschwÃ¤tzer der Amis !;Choose…
256;256;61011;61011;"@karlheinz_e @Karl_Lauterbach Ich hab diese Bande der #sogAfD so verflucht satt.
Nichts als Unruhe und Hetze, gepaart mit LÃ¼gen und Unterstellungen kÃ¶nnen sie verbreiten.
Was sind das nur fÃ¼r miese, erbÃ¤rmliche Gestalten?
Abschaum, das sich am Leid anderer ergÃ¶tzt.
Sorry, ist nicht mein Tonfall eigentlich. ğŸ˜¡";Choose…
257;257;9140;9140;"@Zettelnotizen @_Alex_Berlin @lisapaus @Ch_Wapler @madame_bauch @vandrey_petra @LeviHallo @SE_Weise @janevabr @AnsgarGusy @JakobMatti Ich arbeite mir grad echt den Arsch ab, um eine rechtssichere BegrÃ¼ndung fÃ¼r die Festsetzung zu finden und hab gestern bis 6 Uhr noch die Unterlagen aus der Akteneinsicht durchgearbeitet.

Ich verzichte auf Schlaf, Freizeit und werde am Ende auch noch angegriffenâ€¦";Choose…
258;258;36541;36541;@TKuban96 Und wartest du 8 Jahre? Ach es war ja nicht in den Propaganda Medien ,sorry ich vergaÃŸ. Cool ,wenn man keinen Job hat und einfach mal Held spielen kann. Maske nicht vergessen! Und ne Rote Nase ,nicht das man Dich als Nazi verwechselt.;Choose…
259;259;11963;11963;"@MariaKlSchmeink Welche SchutzmaÃŸnahmen haben uns denn gegenseitig geschÃ¼tzt?

Lockdowns? Nutzlos.
Masken? Nutzlos.
Ausgangssperren und Verweilverbote? 

Ach so: ""2G""  - infizierte Geimpften, verbreiten ungetestet das Virus.

Die Impfung? Ã„h. ""haut voll rein""
https://t.co/UNUeglMp1Z";Choose…
260;260;37013;37013;@n_roettgen Sie sind ein ekelhafter Kriegstreiber und Hetzer auf gut Deutsch, ein Arsch...h.;Choose…
261;261;32993;32993;"@n_roettgen Nein nicht wir haben jetzt Krieg sie Torfnase â€¦ Russland und Ukraine hat Krieg â€¦ wenn SIE mitmachen wollen melden sie sich doch â€¦
Gab es eine Volksabstimmung Ã¼ber die Sanktionen die UNS trifft ? Oder wurde uns eine ZwangssolidaritÃ¤t befohlen ? Denken sie mal darÃ¼ber nach â€¦";Choose…
262;262;48259;48259;Wenn es einer Regierung scheiÃŸegal ist wieviele BÃ¼rgerinnen und BÃ¼rger an #COVID19 krepieren, dann bist du in #Deutschland mit @OlafScholz als @Bundeskanzler und @Karl_Lauterbach als #Gesundheitsminister;Choose…
263;263;63123;63123;@AgentSmith1221 @ClaudiaHagan2 @Karl_Lauterbach Halt einfach mal dein ungezogenes Maul.;Choose…
264;264;42260;42260;@c_lindner Heuchler ğŸ˜–;Choose…
265;265;53110;53110;"@Karl_Lauterbach @AfD Nur weil AfD &amp; Twitter Trolle etwas gegen Sie schreiben, heisst das nicht im geringsten, dass Sie etwas ""gut"" gemacht haben. Es ist auch kein ""Ritterschlag"". Sie werden ohne Blick auf die AfD danach beurteilt was Sie tun! Spoiler: Das Urteil fÃ¤llt recht negativ aus! #NoMandates";Choose…
266;266;74755;74755;@dtrickb @janoschdahmen ganz armer Schlucker, der einem leid tun muss;Choose…
267;267;14447;14447;@candy_pancakes @EskenSaskia Genau, die haben ja auch regiert, die GrÃ¼nen. Und Frau Merkel gehÃ¶rt ja wohl Ihrem Verein an. 16 Jahre die Karre in den Dreck fahren und zu feige dafÃ¼r die Verantwortung zu Ã¼bernehmen. Ich wiederhole mich #NieMehrCDUCSU;Choose…
268;268;60321;60321;"@Bundeskanzler Hab mal ein paar der Antworten durchgelesen ...
Ganz ehrlich Herr Bundeskanzler ğŸ˜´ @OlafScholz ??? Sie hatten so was von fertig, bevor Sie Ã¼berhaupt angefangen hatten...
#nichtmeinkanzler ...
Packen Sie Ihren Koffer und nehmen mit:@ABaerbockArchiv @Karl_Lauterbach";Choose…
269;269;47470;47470;@Karl_Lauterbach Das Gesundheitssystem und die BÃ¼rger werden doch seit langer Zeit an die Wand gefahren+ausgemergelt. Zwischenintensiv geschlossen, Betten reduziert, Personal in GmbHs ausgesourct, Zulagen gestrichen, mangelnde Hygiene in KH wegen unqualifiziertem Reinigungspersonal. Endlos Keime;Choose…
270;270;14886;14886;"@BMAS_Bund @hubertus_heil Und wieder wird diese Sau durchs Dorf getrieben. War ja klar, dass das von Ihnen kommt. Es stimmt einfach nicht. Hier sollen einfach nur Frauen gegen MÃ¤nner ausgespielt werden. #Spaltung der Gesellschaft ist #GenderPayGap , nichts weiter.

https://t.co/X2WZM28vdH";Choose…
271;271;39621;39621;@n_roettgen So ein dumm SchwÃ¤tzer und Hetzer;Choose…
272;272;60576;60576;@Karl_Lauterbach Ziemlich Ã¼berflÃ¼ssige Arbeit. Es sei denn, man bekommt von der Pharmalobby ordentlich Kohle in den Arsch geblasen...;Choose…
273;273;52645;52645;@CanselK @GorillasWorkers @_verdi @jo_wenckebach @mbechert Get Rich? Sie wissen schon, dass sich das GeschÃ¤ftsmodell nicht trÃ¤gt? Sollen die Mitarbeiter doch einfach kÃ¼ndigen wenn sie kein Bock mehr haben.;Choose…
274;274;12871;12871;@BauerWilli_org @cem_oezdemir @bmel Photovoltaik Infrastruktur sehr zÃ¼gig auszubauen muss unbedingt hohe PrioritÃ¤t haben. Wir mÃ¼ssten lÃ¤ngst weiter sein. Leider hat das die VorgÃ¤nger Regierung massiv behindert.;Choose…
275;275;79687;79687;@Hallaschka_HH @ABaerbock Die Russen lachen sich doch krumm Ã¼ber die BaerBock. #Lachnummer Wer soll jemanden ernst nehmen, der oder die keinen Satz fehlerfrei aussprechen kann?!;Choose…
276;276;6235;6235;@Beatrix_vStorch Lustig, wie Frau Storch ihr eigenes Hetzblatt angeblich kritisiert. Wahrscheinlich ist sie sauer, dass Russland kein Schmiergeld mehr Ã¼berweist.;Choose…
277;277;53661;53661;@BILD @springerevo1991 Mir egal ich sage in einem Land der Meinungsfreiheit meine Meinung: Ein Psychopath @Karl_Lauterbach;Choose…
278;278;66077;66077;@EnricoKomning friendly reminder: wenn man scheiÃŸe blau anmalt, bleibt es immer noch scheiÃŸe.;Choose…
279;279;23472;23472;@AufstandLastGen @BuergerratKlima @OlafScholz 80%? LÃ¤cherlich ğŸ˜†â˜ğŸ¼;Choose…
280;280;41402;41402;"@csu_bt @c_lindner @BMF_Bund Wollt Ihr diesen Wirrkopf wirklich weiter sÃ¶dern lassen? Das einzige, was man aus dessen WÃ¶rtern heraushÃ¶ren kann: ich will wieder Geld von der #Autolobby!

#KorruptionIstTÃ¶dlich";Choose…
281;281;40263;40263;@f_schaeffler @c_lindner Und wieder Mal wird einem klar, die EU und vor allem Deutschland sind absoluter Versager in Sachen Innovation und Vorschritt. Wir werden von veralteten Vorgehensweisen zerstÃ¶rt! Bald sind wir wieder als Entwicklungsland einzustufen ! @c_lindner der einzige Mann mit Weitsicht !;Choose…
282;282;32894;32894;"@PeterHeidtFDP @fdpbt Was soll diese konstruierte Verbindung?

Nach den News wurden zwei ""durchgeknallte JÃ¤ger"" fÃ¼r die furchtbaren Morde verhaftet.

Ich bin selbst (evtl. bald Ex-?)FDP-WÃ¤hler, Gegner einer Impfpflicht und diverser weiterer sinnfreier MaÃŸnahmen.

Was wollen Sie Menschen wie mir sagen?";Choose…
283;283;9324;9324;@gruene_rlp @GruenerWinkler @Bina_Khan_ Armselige Horde von Versagern. Ihr widert mich an! ğŸ¤®;Choose…
284;284;79534;79534;"@AufstandLastGen @RenateKuenast @diegruenen @BriHasselmann @Ricarda_Lang @cem_oezdemir @BuergerratKlima Entspricht nicht meinem Willen &amp; vertritt nicht meine Meinung! Die Aktionen sind mit nichts zu rechtfertigen. Die Kinder der Aktivisten werden gefragt werden, warum ihre Eltern mit Lebensmitteln schmeiÃŸen, Handwerker im Berufsverkehr behindern, RTWâ€™s im Einsatz aufhalten. #stupid";Choose…
285;285;75877;75877;@DJanecek Was wollt ihr Spacken denn? HÃ¤ttet ihr mal die InnenstÃ¤dte nicht tot gemacht in den letzten zwei Jahren, hÃ¤tten die Menschen vielleicht noch einen Anreiz das Auto zumindest am Wochenende in der Stadt stehen zu lassen. Die ganze Zeit fordern aber nichts bieten, widerlich.;Choose…
286;286;37938;37938;"@_FriedrichMerz NatÃ¼rlich, sie TransantlantikblackrockmillionÃ¤r...am besten das tolle Amifracking Gas rÃ¼ber per Schiff...gibtn netten Film namens ""Gasland"" was dieser Mist so alles anrichtet, aber das is dem Herr MillionÃ¤r natÃ¼rlich wurscht, Hauptsache seine Agenda wird durchgezogen";Choose…
287;287;85338;85338;@Grund_gesetzt @janoschdahmen Wieso bitte lacht Frau Maischberger ao als ob da gerade ein Irrer spricht? ğŸ˜³;Choose…
288;288;8970;8970;@max_lucks Rentner dÃ¼rfen frieren. Im Grab ist ja sowieso kalt, dann muss man sich frÃ¼hzeitig daran gewÃ¶hnen? Ist das ihre soziale Komponente? Ich fass es nicht. Was fÃ¼r StÃ¼mper;Choose…
289;289;17173;17173;"@till_steffen Schleich dich du Faschist!!
Ihr Heuchler seit jetzt komplett abgehoben.
Vergiss nicht: 85,2% haben euch Pseudo GrÃ¼ne NICHT gewÃ¤hlt. 
Weise dich zusammen mit Lauterbach und Dahmen in eine geschlossene ein";Choose…
290;290;56150;56150;@Eddy_Bernayz @Karl_Lauterbach @Eddy_Bernayz Ihr Fleisch Fresser habt uns den ganzen Corona Mist eingebrockt. Der Virus kam nicht von Brokkoli!!!!!;Choose…
291;291;73351;73351;@GrueneBundestag @emiliafester Klar, Ihr seid je genauso bescheuert. Eine Schande fÃ¼r Frauen, eine Schande fÃ¼r den Bundestag, eine Schande fÃ¼r Deutschland. Dumm geboren, HÃ¤lfte vergessen, nichts dazugelernt. #Dankefuernichts #Heuchler #GruenerMist;Choose…
292;292;63759;63759;@Karl_Lauterbach Amateur bei der Arbeit https://t.co/T3wKbtyhUG;Choose…
293;293;21708;21708;Hat ja auch lange genug gedauert. #Scholz @OlafScholz du feige Schnecke. https://t.co/t0BKVe8IbN;Choose…
294;294;48585;48585;@helmut_kleebank @Karl_Lauterbach unwÃ¼rdig bist du Clown;Choose…
295;295;77187;77187;Verlogener Menschenfeind @janoschdahmen https://t.co/whdjY5yn0t;Choose…
296;296;39870;39870;@DoroBaer @DaniLudwigMdB @_FriedrichMerz @pablocasado_ @CDU @populares @csu_bt Abbruch wÃ¼rde besser passen, denn auf die Beine gestellt habt ihr bis jetzt nichts. #niemehrcducsu #heuchler #luegen;Choose…
297;297;5992;5992;"@RalfZeckovich @Rene_Springer @Holzmichel14 Nein mein lieber! 
Du Deine ! Aber so richtig dumm, muss doch schon wehtun der Regierung und Presse so im Arsch zu stecke ğŸ‘ğŸ» 
SchÃ¶nes Arschkriecher Leben noch !";Choose…
298;298;1695;1695;"@SWagenknecht Warum ""#Scholz &amp; #Baerbock""? Wenn, dann doch die Ukraine? Und wenn wirklich, kÃ¶nnte Russland doch einfach das BlutvergieÃŸen einstellen und sich zurÃ¼ckziehen. Ein einziger blÃ¶dsinniger, unlogischer Quark!";Choose…
299;299;23495;23495;@AufstandLastGen @leabonasera @OlafScholz GeltungssÃ¼chtige Kackbratze.;Choose…
300;300;38289;38289;@shiryo39369585 @sfi61 @n_roettgen Simmt. Kleiner Falke.;Choose…
301;301;12233;12233;"@Torsten69801933 @zoe_gruene Ich habe diesen Text nun schon einige Male von und mit diesen GrÃ¼nen Pappnasen auf Twitter gesehen.
Als wenn die hier ihren Kollektiv beweisen wollten.
Ein Haufen Unwissender Schranzen !";Choose…
302;302;80239;80239;"@abaerbock

Danke fÃ¼r Stopp der #NordStream2-Zertifzierung.

Wenn #Putin ein #Verbrecher ist:
- ErhÃ¤lt auch der #Verbrechergehilfe #SchrÃ¶der endlich seine verdienten personenbezogenen #Sanktionen? 
- SchlieÃŸen Sie sein #BundestagsbÃ¼ro. Stoppen Sie die Staatssubventionen.";Choose…
303;303;61854;61854;@j1mi1 @58BrunoBrunello @TiloJung @Karl_Lauterbach Nein, mit Intelligenz oder Schulbildung hat das nicht unbedingt was zu tun. Genug Menschen mit weniger Intelligenz haben sich dennoch impfen lassen. Insofern ist es nicht (nur) dumm sich nicht impfen zu lassen sondern eher ignorant, fehlinformiert und/oder verblendet.;Choose…
304;304;28853;28853;@MarcoBuschmann Und genau das ist verantwortungslos ğŸ¤® dieser MÃ¶chtegern Freiheitswahnâ€¦ nie wieder FDP, die den Tod von Mitmenschen jetzt billigend in Kauf nimmtâ€¦ keine Ahnung von Aerosolen! Was fÃ¼r eine Partei!;Choose…
305;305;6031;6031;"@Alice_Weidel Mein Gott bist du eine verpackte Hackfresse.
ES SIND STEUERN! DIE KOMMEN ALLEN ZU GUTE.
DU BIST BLÃ–DER ALS EIN ASTLOCH.!
VERDACHTSFALL!!!!!@@@";Choose…
306;306;53484;53484;"@KatjaMast ich kÃ¶nnte k......
Wehrhafte Demokratie???
Wo genau?
Uns wurden und werden immer noch unverhÃ¤ltnismÃ¤ssig Grundrechte genommen und sollen zwangsgeimpft werden.
Kritiker werden diffamiert und ""versetzt"".
Ich weiss nicht in welcher Blase sie leben?";Choose…
307;307;19262;19262;"@Markus_Wojahn @RomanGrabolle @VriesChristoph @MatthiasHauer Tun sie sich keinen Zwang an, Herr Hauer mochte nicht, daÃŸ ich ihm msngelnden Anstand bescheinigte &amp; hat mich bereits geblockt.
Sie dÃ¼rfen das auch gern!
Und vergessen sie nicht, auch Herrn #Ploss zu informieren, der in meinem Tweet keinen Platz mehr fand!
Ihr widert mich an! https://t.co/zB8PPQcG7z";Choose…
308;308;8844;8844;@Beatrix_vStorch @jamila_anna @KathrinAnna ok, Frau Storch ist jetzt komplett kaputt. Was soll denn dieser BlÃ¶dsinn? Haben Sie wirklich nichts wichtigeres zu twittern, als diesen Schmarrn? Kommt das bei Ihren Followern so gut an? Scheinbar. Kaputte AFD Leute regen sich Ã¼ber die Outfits der GrÃ¼nen auf. ğŸ¤¦â€â™‚ï¸ğŸ¤¦â€â™‚ï¸ğŸ¤¦â€â™‚ï¸;Choose…
309;309;61252;61252;@Ben83497428 @der_alex12 @Karl_Lauterbach Wie oft soll ich mich denn impfen lassen? Erst passt der Stoff nicht, dann jener angeblich besserâ€¦.nur noch lÃ¤cherlich.;Choose…
310;310;48996;48996;@Markus_Soeder @Karl_Lauterbach Ach Markus, schnell Deine bayrische Freseenwindel auf und ja keinen Blick Ã¼ber den Gartenzaun werfen. Ihr seid die Geisterfahrer und Hofnarren der ganzen Welt, oder ihr ğŸ·habt Gefallen daran gefunden, bissl Herrgott zu spielen, beides geht nicht gut ausğŸ˜Š;Choose…
311;311;11200;11200;@Ricarda_Lang Ihr baut Mist und wir mÃ¼ssen es ausbaden, am Arsch!;Choose…
312;312;78117;78117;@SStrabis @ABaerbock Nein bisher bin ich nicht Ã¼berzeugt -  sie wird ja ihren Kindern wohl auch nicht raten wenn gestritten wird immer noch eine Keule zu schwingen sondern verhandeln und Angebote machen das das aggressive Kind wieder mit ins Boote genommen werden kann;Choose…
313;313;50060;50060;@Trickywuh @Karl_Lauterbach Oh schaut, ein idiot! https://t.co/W0ikUJWosx;Choose…
314;314;84708;84708;@janoschdahmen @tagesschau @dpa Das ist so lÃ¤cherlich. Der Wieler ist nun mal da- Ã¼berschwÃ¤ngliches Lob hat er sicher nicht verdient. Zu Beginn wurde die Gefahr vom RKI unterschÃ¤tzt und kleingeredet. Dann wurden Masken als nutzlos eingeschÃ¤tzt. Von der VerkÃ¼rzung des Genesenenstatus ganz zu schweigenâ€¦â€¦.;Choose…
315;315;27249;27249;"@CarmenWegge Ich habe nur eine Frage:
Warum drÃ¼ckt sich die Ampel darum Konsumenten kurzfristig zu entkriminalisieren?

No more.. No less..

#200Milligram zeigt, wie wichtig das ist &amp; mit 219a war es ebenfalls mÃ¶glich.";Choose…
316;316;27510;27510;@janoschdahmen @dieschmidt @till_steffen @MAStrackZi @KatrinHelling @DirkWieseSPD Lesen wir (das Volk) andere RKI Wochenberichte als Sie? Sind andere LÃ¤nder die lockern und keine Impflicht einfÃ¼hren einfach zu blÃ¶d die Gefahren nicht zu erkennen? Sie machen das Land im AuÃŸenbild lÃ¤cherlich mit solchen Entscheidungen!!Bitte rational denken!;Choose…
317;317;17624;17624;@janoschdahmen @dieschmidt @till_steffen @MAStrackZi @KatrinHelling @DirkWieseSPD Janosch, es ist vorbei, check es doch endlich! Du machst dich unendlich lÃ¤cherlich, haste diese Woche ja bereits eindrucksvoll bewiesen #pandemieende #JanoschGoHome ğŸ¤·ğŸ»â€â™‚ï¸;Choose…
318;318;83553;83553;@suddha_bugger @Moni61392162 @janoschdahmen @dieschmidt @DirkWieseSPD @till_steffen @KatrinHelling @MAStrackZi Ich glaube was sie sich in die Haare schmiert geht dich einen scheiss an. Genauso verhÃ¤lt es sich auch mit dem was man sich in den Arm spritzen lÃ¤sst.;Choose…
319;319;13486;13486;"@RenateKuenast @AFPde Wenn Webmaster mal eben den Genesenenstatus von 6 auf 3 Monate reduzieren, finden Sie das sicher ganz dufteâ€¦ 
Ihr seid die grÃ¶ÃŸten Heuchler! 
#MyBodyMyChoice 
#GameOver";Choose…
320;320;70865;70865;@KathrinAnna Ja genau, wie die BÃ¼rger! Deren EinwÃ¤nde nerven die GrÃ¼nen ja auch!ğŸ¤¦ğŸ¼â€â™€ï¸;Choose…
321;321;69069;69069;@StBrandner Afd 2020 - corona existiert nicht. Afd 2022 - geht auf die StraÃŸe um gegen corona MaÃŸnahmen zu protestieren. Ihr denkt also ihr habt den Plan im Sack?;Choose…
322;322;84834;84834;@ben_brechtken @GoeringEckardt Bist Argo Nerd zuvorgekommen?ğŸ¤£;Choose…
323;323;20221;20221;@OlafScholz Man oh man, wann â€hauenâ€œ Sie ab!? 4 Jahre hÃ¤lt das kein Mensch aus. Bitte zurÃ¼cktreten, grÃ¶ÃŸter Geisterfahrer in der EUâ˜ºï¸ Sie Wechsel ihre Meinung Ã¶fters, als die meisten Ihre Unnerbuchse ğŸ¤’;Choose…
324;324;33547;33547;@TychoBrahe_real @_FriedrichMerz Ach die in der cdu/csu mÃ¼ssen immer abstrafen. Laschet wÃ¤re es noch, wenn er knapp verloren hÃ¤tte. Ist immer so. Die sind alle so erhaben in dieser Partei. Das ist unglaublich stupide und altbacken. Altdeutsches Politikerdasein. Berechtigung durch antike Erscheinung. ğŸ˜‚;Choose…
325;325;81883;81883;@StuelpnerKarle @MatthiasHauer @GansGruen Vooodooo und gottlos, da hast du ja genau das richtige Profilbild dazu, Troll.ğŸ¤¡ğŸ¤¦â€â™€ï¸;Choose…
326;326;17020;17020;@Monique1984C @lime_green_leni Die ja gut ausheilt, wenn rechtzeitig erkannt. Nach 10 Jahren nur 40% Chance zu sterben. Wo liegt dann da das Problem? No Risk, no Fun.;Choose…
327;327;77074;77074;@ronzheimer @ABaerbock @c_lindner Du bist so ein lÃ¤cherlicher Wendehals. Wenn hier die Lichter und die Heizungen ausgehen, weil ebendiese Lieferungen nicht mehr stattfinden, werden du und #HaltDieFresseBild, die ersten sein die wieder hetzen. 1/2;Choose…
328;328;69530;69530;@afdbadkreuznach @StBrandner Ich glaube ihr verwechselt da was  (kommt ja immer  Ã¶fter vor bei eurer absolut inkompetenten Versager ParteiğŸ˜).Ich finde  euch  durchaus  amÃ¼sant. Ich  habe  in den letzten Jahren selten so viel gelacht wie Ã¼ber  eure wirren Ideen und AnsichtenğŸ˜;Choose…
329;329;15071;15071;@hubertus_heil DAS will keiner wissen. Mittlerweile haben wir die Bundesregierung und fast alle Abgeordneten durch. An was zum Geier leidet ihr? Profilneurose? Mitleid erhaschen? Wenn du krank bist bleib zu Hause und nerv die Nation nicht mit solch unwichtigem Mist. ğŸ¤¢ğŸ¤¢;Choose…
330;330;79196;79196;Okay, genug ist genug. Ab sofort blocke ich Personen, die arrogant postulieren, dass sich BÃ¼rgerinnen und BÃ¼rger nicht mehr am demokratischen Diskurs beteiligen sollen. Denn auf nichts anderes laufen die SprÃ¼che hinaus. @DJanecek hat die Ehre, als erstes davon betroffen zu sein. https://t.co/xM4CfnARl2;Choose…
331;331;45699;45699;"@axellauer_de @drluebbers @Karl_Lauterbach Eine berechtige Frage. Denn wir haben hier eine massive Kommunikationskrise. Und die ""HomÃ¶opathie-Kritiker"" sind ein groÃŸer Hauptteil davon.";Choose…
332;332;68613;68613;"@StBrandner Wer tÃ¤glich andere mit Dreck bewirft, sollte sich nicht Ã¼ber Gegenwind beschweren!
Gehen Sie in Ihr KÃ¤mmerlein und heulen Sie leise!";Choose…
333;333;1955;1955;"@BriHasselmann @SWagenknecht ğŸ™ˆğŸ–•ğŸ»grÃ¼ne Khmer ğŸ¤®
Kriegstreiber, PÃ¤darasten und steigen mit jedem Lobbyisten ins Bett. Selbst an vÃ¶lkerrechtswidrigen Kriegen beteiligt, aber Moralapostel spielen wollen. 
Ps. Der Trog von dem Sie alle fressen ist demnÃ¤chst weg und davor habt ihr Angst. 99% unfÃ¤hige ğŸ¤¡ğŸ–•ğŸ»ğŸ˜";Choose…
334;334;15806;15806;@pjanik_otm @Pauer43797602 @Timon_Gremmels Man muss dir lassen, du bist echt Ã¼berall. Sowas wie der Troll des Jahres.;Choose…
335;335;67984;67984;@StBrandner Sagt jemand, der sich bei Problemen in einer Toilette versteckt. Die groÃŸe Klappe ist nur durch massive SelbstÃ¼berschÃ¤tzung zu erklÃ¤ren. Ich will mir gar nicht ausmalen, was wÃ¤re wÃ¼rde euer brauner Schmodder Verein ğŸ‡©ğŸ‡ª regieren. Euren Fans wÃ¼rde ich es aber mal gÃ¶nnen.. 1/n;Choose…
336;336;12636;12636;@RenateKuenast Wie ignorant kann man sein? Damit meine ich Sie.;Choose…
337;337;44327;44327;"@riglab1 @MareikePadel @Klaus_Junke @Hopps25 @WDRaktuell @Karl_Lauterbach @fdpbt @C_Linder @fdp_nrw Ich hab nicht mal einen Plan, was ""Woko"" sein soll. Aber danke.ğŸ¤£Ich hab nur n Haufen Freunde, die eben keine WeiÃŸen sind und diesen Begriff fÃ¼r sich benutzen, wenn sie Ã¼ber sich reden. Von daher empfinde ich es als WeiÃŸer korrekt diesen Begriff zu benutzen.";Choose…
338;338;6297;6297;@Beatrix_vStorch Seit wann hat die AfD einen Kurs ? Und seit wann kann Frau von Storch schreiben ?;Choose…
339;339;75849;75849;@DJanecek Schon wieder so eine Avocado.... auÃŸen grÃ¼n und der Kern richtig braun.;Choose…
340;340;61718;61718;@Tim_Roehn @Karl_Lauterbach Das ist Wahnsinn. Wir haben lauter unfÃ¤hige Irre in der Regierung sitzen. Die scheinbar die Reste diese Gesellschaft/IndividualitÃ¤t zerstÃ¶ren wollen,  um ein neues ideologisch aufgeladenes Kollektiv zu erschaffen. Eine Welt in der es wieder â€DEN FEINDâ€œ geben wird! #Widerstand;Choose…
341;341;85853;85853;"@JoSteiniger Nix. Der wÃ¼rde das genauso aussitzen wie Andy Scheuer den ganzen Mist, der er in der letzten LP gemacht hat. 
Das ganze Konzept von politischer  Verantwortung ist aus der Mode gekommen.";Choose…
342;342;51350;51350;@Karl_Lauterbach Ja aber da sind die Ungeimpften selber Schuld verdammte scheiÃŸe nochmal wann geht das endlich in Ihren Kopf rein!!!! Wieso sollte man sich fÃ¼r solche Leute noch einschrÃ¤nken? Haben die halt pech gehabt ganz einfach!;Choose…
343;343;29477;29477;@Fan_Tas_Tisch @cad59 Funktioniert nicht mit freiwillig vernÃ¼nftig - zu sehen in Ã–sterreichs Skigebieten: als MaskentrÃ¤ger in der Schlange / Gondel ist man die totale Ausnahme.;Choose…
344;344;83622;83622;@janoschdahmen @dieschmidt @DirkWieseSPD @till_steffen @KatrinHelling @MAStrackZi Ihr seid so lÃ¤cherlich. Also wer 3 mal geimpft ist, ist im Herbst Immune? LOL. Obwohl nachweiÃŸlich die ImmunitÃ¤t nach 3 Monate quasi 0 ist? LÃ¤cherliches Zirkus.;Choose…
345;345;9789;9789;@J_Pahlke Ach ja, glatt vergessen, DU BIST EIN SCHLEPPER!!;Choose…
346;346;22905;22905;"@kh38543 @OlafScholz kann sich den sonst wohin schieben. Sollte Mal fragen was die fÃ¼r ein Mist in #Wuhan betrieben haben. Wo ist da die #SolidaritÃ¤t? Den #Impfstoff &amp; alles weitere kÃ¶nnen sich diese #Schwachmatten selbst in die Arme Jagen. Die sollen noch Mal von SolidaritÃ¤t sprechen!ğŸ˜¡";Choose…
347;347;51094;51094;@HenrijsDE @KuehniKev @MarcSpeicher @tobiashans @jusaar @freddibecker @cdu_saar @CDA_Bund @CDU @Junge_Union @_FriedrichMerz @_laurakraemer @Sel_Erb Alter, du hast echt die vergoldeten Scheuklappen auf. Widerlicher Vogel.;Choose…
348;348;26511;26511;"@WeiseKai @ronzheimer @BILD @MelnykAndrij @Ralf_Stegner @ManfredWeber @SLagodinsky Ja, wohl eher DM 12. Macht Euch nicht lÃ¤cherlich.
Seit Ulfkotte weiÃŸdas jeder wie so etwas funktioniert.
Wann kommen die getÃ¶teten Babies?";Choose…
349;349;65371;65371;@StBrandner Du und ehrlich? Eher friert die HÃ¶lle zu. #haltdiefresseafd;Choose…
350;350;22411;22411;@c_lindner Also was fÃ¼r ein Witz und eine klatsche fÃ¼r die gesamte BevÃ¶lkerung. BedÃ¼rftige kriegen Almosen, Renter die ihr Leben lang gearbeitet haben gehen leer aus und die die hart arbeiten gehen, egal ob gering oder Besserverdiener gehen leer aus. @GrueneBundestag @OlafScholz;Choose…
351;351;9516;9516;"@TFruehmark Da gehe ich von aus. Das Problem ist doch: wenn asoziale Politik dem Staat mehr Geld bringt und/oder der Wirtschaft hilft, wÃ¤hrend sie den 'normalen BÃ¼rger' Geld und Sicherheit kostet, dann findet sich kaum eine Partei, die das nicht gut findet. 
@Ricarda_Lang @KuehniKev";Choose…
352;352;83230;83230;"@DingoSaar @OlafScholz @ABaerbock @c_lindner @_FriedrichMerz @KfW @spdde @FranziskaGiffey @n_roettgen Also ein Unioner, 
Jung er is jot
ğŸ˜…ğŸ˜‚ğŸ¤£
isch Block dich, einer der einer Partei folgt die unser Land in den Abgrund gefÃ¼hrt hat den blocke ich lieber, was du hier bringst ist BlÃ¶dsinn!";Choose…
353;353;38264;38264;"@casolution @JurgenSprenger @asta_die @keyseraasoze @Orchid05644140 @n_roettgen Es kÃ¤mpfen Nazis. Insbesondere von russischer Seite. Putin ist ein Nazi wie aus dem Bilderbuch. Fehlt nur noch ein ""Ãœberfall"" auf einen russischen Sender in GrenznÃ¤he als Anlass fÃ¼r einen Krieg.";Choose…
354;354;85227;85227;@Forestman451 @SchulenSchnell @janoschdahmen @GoeringEckardt Erstens Kontext (von mir exakt benannt). Zweitens scheinbar mein einziger Tweet, jedenfalls bei jenen, die mal ihr System von Lochkarte auf digital umrÃ¼sten sollten. Aber allgemein: Trolle fÃ¼ttern, das lohnt sich nicht.;Choose…
355;355;29280;29280;@MarcoBuschmann In Hamburg wird alles Voraussichtlich nach strenger. So richtig funktioniert das Gesetz nicht. In dieser Woche war ich in UK (London), FR (Normandie), BE (BrÃ¼ssel) und NL (Rotterdamm). Irgendwie ist es Ã¼ber freier als bei uns! Wie kommt das? Das warum ein DE Sonderweg?;Choose…
356;356;59449;59449;@BMG_Bund @Karl_Lauterbach @ZDF RÃ¼ckfall wohin? In eine Zeit bevor Ihr Verbrecher noch Verbrecher ward und Euch nicht Regierung schimpfen durftet? Hach wÃ¤re das herrlich!;Choose…
357;357;15816;15816;@Koboldblau2 @EskenSaskia Ganz schÃ¶n dreist, das Du das glaubst, @Koboldblau2;Choose…
358;358;34304;34304;@mehmedkoenig @ErbenKongs @n_roettgen Nee Troll du mal woanders rum, immer die NICHT DEUTSCHEN labern hier so ein ScheiÃŸ ğŸ¤¨.;Choose…
359;359;75265;75265;@janoschdahmen Eine Impfpflicht fÃ¼r eine ErregerMutation, die noch niemand kennt, mit Impfstoff der nicht einmal gegen Omikron wirkt. LÃ¤cherlich. Was zahlt Pfizer eigentlich, das ihr alle so geil auf die Impfpflicht seid?;Choose…
360;360;48383;48383;Auch die neue Regierung zeigt, wie sehr ihr Klinikpersonal am Arsch vorbei geht. Mehr Geld? Nein. DafÃ¼r aber mehr Arbeit, da Wegfall fast aller SchutzmaÃŸnahmen bei jetzt schon am Limit arbeitenenden Kliniken. Mitgetragen von @Karl_Lauterbach;Choose…
361;361;75905;75905;@jeha2019 @janoschdahmen Ist halt wie frÃ¼herâ€¦ wenn jemand eine andere Meinung hatte, war er Ketzer, AndersglÃ¤ubiger, Illuminat â€¦ whatever;Choose…
362;362;67735;67735;@ProEuropa4 @StBrandner Komm du Troll ! Bei dem Thema bist du hier an der komplett falschen Adresse ! Wende dich and die SPD oder die GrÃ¼nen .;Choose…
363;363;85072;85072;"@sven_kindler @janoschdahmen MÃ¼ssen ja ""rechte Querdenker"" sein, niemand anderes wÃ¼rde Kritik Ã¼ben. Verurteilen Sie eigentlich Verallgemeinerungen  nur bei anderen?";Choose…
364;364;24568;24568;"@Die_Schlag @OlafScholz @bkagvat Nichts da, ich war vor Dir da und mache es schon fÃ¼r 1 Mio.
DafÃ¼r wurde ich sogar eine nette Animation mit Blender gleich noch hinzuliefern ;-) 
Wie kann man dafÃ¼r 60 Mio. ausgeben???? ğŸ˜­";Choose…
365;365;18287;18287;@RKiesewetter ich habe 800 Euro Rente sie haben 9000 Euro im Monat.pfui Teufel ğŸ˜ˆ;Choose…
366;366;80219;80219;@AnAudretsch AuÃŸerdem stÃ¶rt mich an der Impfpflicht Debatte die Lust am Sadismus. Glauben Sie,dass zig Millionen Menschen sich frei fÃ¼hlen, wenn sie Ã¼ber Monate Opfer von Ausgrenzung und Hetze der eigenen Regierung sind? Und das ohne Grund,die ganze G-Schikane ist medizinisch nicht begrÃ¼ndbar;Choose…
367;367;29924;29924;"@KFL3011 @Karl_Lauterbach @MarcoBuschmann Also.. Wenn die Maske was bringt.. Wieso gibt's dann dauernd neue Infektionen? Genauso bei der Impfung? Dude, trag doch deine hirnlose Maske weiter aber lass mich gefÃ¤lligst Atmen.
GruÃŸ von ner ungeimpften Risikopatientin die voll auf Schwurbelkurs ist, kek.";Choose…
368;368;64003;64003;@StBrandner Halt einfach die Schnauze Faschist;Choose…
369;369;37159;37159;"@AnneWillTalk @SAlbustin @annewill @c_lindner @n_roettgen @LjudmylaMelnyk @WaltrautDunz @valstsgriba @DasErste Leute, warum schaut ihr euch n och immer diese Talkshows an, habt ihr so viel Langeweile und kÃ¶nnt eure Zeit nicht anders verbringen? Ich hingegen werden wieder in mein Buch schauen und Goethes Faust lesen.
Da geht es auch um den Teufel.";Choose…
370;370;57419;57419;"@spdde @Inselkind16 @larsklingbeil Kommen jetzt schon die ""Blut, SchweiÃŸ &amp; TrÃ¤nen""-Reden von der SPD?? 

Si vis pacem, para bellum!";Choose…
371;371;4332;4332;@Linksfraktion @DietmarBartsch @RND_de HÃ¤? Ihr wollt doch weitere Sozialmigration. Die Kosten von fast 30 Mrd. â‚¬/ a fÃ¼r Scheinasylanten verheimlicht ihr doch. Ihr seid Heuchler! https://t.co/u9B5HL3w0X;Choose…
372;372;5806;5806;@Beatrix_vStorch @GoeringEckardt Sie gehÃ¶ren auch zum BT? Also mÃ¼ssen sie auch lÃ¼gen? Das wÃ¤re danach ja auch logisch?! Na ja, sie nannten ja auch ALLE Heuchler!? Ach, lassen sie den BlÃ¶dsinn.;Choose…
373;373;8926;8926;"@Kalle3D @a_nineties @Rattigall @TabeaRoessner Das ist natÃ¼rlich auch Attention Bias, ist ganz normal.
Trotzdem ist die HÃ¤ufung der Nebenwirkungen schon erschreckend, man sehe sich nur mal die Pfizer Dokumente an.
(Dr John Campbell ist kein Impfgegner)

https://t.co/5ZTVpRrFm9";Choose…
374;374;80724;80724;@AnAudretsch Du bist ja ein ganz aalglatter Hecht.ğŸ˜µâ€ğŸ’«;Choose…
375;375;14157;14157;@Anne_Margs @jamila_anna @Ricarda_Lang Stehst du also auf fette fotzen;Choose…
376;376;47441;47441;@KatjaMast @spdbt @GrueneBundestag @fdpbt Qualifikation verlangt.Hier kann man nicht wie man mÃ¶chte sein Gewerbe betreiben,x Weiterbildungspflichten mit Nachweisen sonst Laden zu, Mitarbeiter sind raus bei fehlenden Scheinen und da kann der BÃ¼rger,zu Recht,auch dies bei Politik fordern.WÃ¤ren eigentlich sonst H4 FÃ¤lleğŸ™ˆğŸ™ˆ;Choose…
377;377;16806;16806;"@_____137_____ @th_sattelberger @BerndRuetzel @nadjasthamer @Melis_S RKI und Daten ğŸ˜‚ğŸ˜‚ğŸ˜‚
Hat man bei so vielen anderen Sachen gesehen.
Null Follower Troll";Choose…
378;378;27004;27004;@janoschdahmen @dieschmidt @DirkWieseSPD @till_steffen @KatrinHelling @MAStrackZi Du bist ein elendiger Verbrecher;Choose…
379;379;17080;17080;"@yooHannes Ja genau, Ãœberlastung wie letztes und vorletztes Jahr. ğŸ¤¦â€â™‚ï¸ğŸ¤¦â€â™‚ï¸ 
Sie sind kein Arzt, sondern ein Scharlatan und DummschwÃ¤tzer!";Choose…
380;380;3276;3276;"@NicoleGohlke Yep, haben Sie Recht. 

Leider ist die Position von dieGruenen und dieLinke ansonsten auch, ""lass mal eine wilde Hygienediktatur"" aufbauen. 
Brutal. Unmenschlich. 

#FreedomDay";Choose…
381;381;40472;40472;@PhilHackemann @MelnykAndrij FDP und Masken Freak passt ja... sowas wie dich sollten wir der Ukraine als SÃ¶ldner zur VerfÃ¼gung stellen da du es offensichtlich kaum erwarten kannst durch Hetzer wie #Melnyk in einen Krieg gezogen zu werden. @c_lindner was fÃ¼r seltsames Personal sammelt sich bei ihnen an?;Choose…
382;382;38394;38394;@christophploss @cducsubt Heuchler;Choose…
383;383;53874;53874;@AeliaVicusPlave @BMG_Bund @Karl_Lauterbach Naww, denkst du ich kann deinen Kommentar nicht lesen wenn du mich blockst Troll? https://t.co/qIzlEFvvwA;Choose…
384;384;25406;25406;@Ralf_Stegner @Karl_Lauterbach Kranker Verbrecher... https://t.co/GKq3z4mLfA;Choose…
385;385;10477;10477;@UllmannMdB @DJanecek @GydeJ @KonstantinKuhle @f_mascheck @PaulaPiechotta @K_SA Warum hat man nicht die GrÃ¶ÃŸe, zu sagen: lassen wir den Mist, wir haben uns geirrt ?;Choose…
386;386;83526;83526;@janoschdahmen @dieschmidt @DirkWieseSPD @till_steffen @KatrinHelling @MAStrackZi Na das ist doch mal ein TrÃ¤umchen eines politisch ambitionierten Narrativs. Erinnert an das Management der 60'er Jahre. Nur nicht eingestehen, sonst gerÃ¤t man ggf. ins Schwanken. Meine Frau wÃ¤hlte grÃ¼n und ist nun desillusioniert. Kein Lob!;Choose…
387;387;23237;23237;@RaulSemmler @OlafScholz @AufstandLastGen @DanniPilger @Tagesspiegel @sixtus @dpa @Reuters @RND_de @JoergAltSJ Und ich hÃ¤tte es gerne noch viel Ã¶fter gehÃ¶rt du Vollpfosten;Choose…
388;388;39165;39165;@JuliaKloeckner BloÃŸ nicht den Spalter und Hetzer!!!;Choose…
389;389;59993;59993;"@Karl_Lauterbach @annewill Kalli 
Bei dieser Sendung hast du dich als dreister LÃ¼gner enttarnt! 
""Die Impfungen sind mehr oder weniger Nebenwirkungsfrei"" 
Das ist eine LÃ¼ge ! 
Ich forde deinen 
Du bist es nicht wert gesiezt zu werden 
RÃ¼cktritt! 
Wegen lÃ¼gen!";Choose…
390;390;11177;11177;@Gabriel15184745 @cem_oezdemir @DerDanyal Das ist nicht korrekt, fÃ¼r die FlÃ¼chtlinge in der TÃ¼rkei haben NGOs in der TÃ¼rkei sage und schreibe 400â‚¬ pro FlÃ¼chtling pro Jahr erhalten. Erdogan hat keinen Cent erhalten. Einfach mal informieren;Choose…
391;391;44764;44764;"@GenervtFrau @JoyMeckes @Karl_Lauterbach Das war soweit klar.
Sollte alles auffliegen, dann ist da derart viel Schmutz, es sind so viele MittÃ¤ter, das man  nicht nur ihn alleine kassieren kann. 
Der ganze Apparat ist ein korrupter Haufen, das geht schon Jahre so.";Choose…
392;392;47950;47950;@eiskalt76 @Karl_Lauterbach Egal wie niedrig die Latte des Niveaus hÃ¤ngt.. Du gehst aufrecht drunter durch ğŸ¤¦â€â™‚ï¸ğŸ¤¦â€â™‚ï¸;Choose…
393;393;15053;15053;@Patrick84575844 @iniko_n @Buster_InShorts @Karl_Lauterbach @hubertus_heil Danke ! Du ersparst mir das Suchen. Obwohl das bei diesem Hirni kaum was nutzen wird. https://t.co/cULXkdw1fh;Choose…
394;394;65441;65441;@HirrscherVince @JoachimM2703 @StBrandner Ha. Also bist du das GroÃŸmaul.;Choose…
395;395;18917;18917;@SerapGueler Was hat haben sich die Presse nicht alles aufgeregt als bei der RÃ¼ckkehr der Soldaten aus Afghanistan kein Minister und auch AKK nicht da waren. Bei der Fregatte Bayern heute in Wilhelmshaven hat Frau Lambrecht keine Zeit. Bei SPD ist es also wurscht,nur bei CDU regt man sich auf;Choose…
396;396;18804;18804;@MatthiasHauer Nah ihr Schwetzer hat euch mal Putin den Hammer gezeigt mit Recht eure kriminelle Existenz der europÃ¤ischen Union ist gescheitert.;Choose…
397;397;23323;23323;"@RaphaelBrinkert @OlafScholz Ja, genau.
Ein Korrupter Nicht-Sozialdemokrat und eine Unionspolitikerin die 16 Jahre lang, mit ihrem Gesicht, von einem ganzen Haufen antidemokratischer und korrupter weiÃŸer MÃ¤nner abgelenkt hat.
Besser als die Nazi-AfD, aber leider auch nicht mehr...";Choose…
398;398;58438;58438;@Cashley60847851 @argonerd @Karl_Lauterbach @BillGates Ich sehe da nur alte Menschen, klar denen interessiert die nÃ¤chste Generation einen Scheiss.;Choose…
399;399;26980;26980;@TorbenCidekis @hallali6 @Eddy_Bernayz @janoschdahmen @dieschmidt @DirkWieseSPD @till_steffen @KatrinHelling @MAStrackZi Welche stÃ¤rkere Mutanten? SchmeiÃŸ deine Kristallkugel weg scheint kaputt zu sein du VogelğŸ¤¦ğŸ¼und an so eine scheiÃŸe glaubst du;Choose…
